,title,author,publication_day,publication_month,publication_year,format,current_price,original_price
0,It Ends With Us: The most heartbreaking novel you'll ever read,Colleen Hoover,2,8,2016,Paperback,16.94,16.94
1,The Seven Husbands of Evelyn Hugo,Taylor Jenkins Reid,2,4,2020,Paperback,13.79,13.79
2,Death to Jar Sauce,Nat's What I Reckon,16,11,2021,Paperback,22.77,25.44
3,The Midnight Library,Matt Haig,18,2,2021,Paperback,11.41,12.35
4,The Body Keeps the Score,Bessel van der Kolk,24,9,2015,Paperback,17.14,17.14
5,The Song of Achilles,Madeline Miller,21,9,2017,Paperback,18.1,18.1
6,"Beautiful World, Where Are You",Sally Rooney,7,9,2021,Hardback,21.48,23.34
7,The Love Hypothesis,Ali Hazelwood,28,9,2021,Paperback,13.99,16.0
8,Dune,Frank Herbert,23,7,2015,Paperback,17.29,17.29
9,Peril,Bob Woodward,21,9,2021,Hardback,27.6,27.6
10,The Thursday Murder Club,Richard Osman,13,5,2021,Paperback,15.16,15.16
11,Ugly Love: A Novel,Hoover,5,8,2014,Paperback,15.71,16.99
12,You Can Do All Things 2022 Day-to-Day Calendar,Kate Allan,30,9,2021,Calendar,15.15,15.99
13,Man's Search For Meaning,Viktor E Frankl,6,10,2015,Paperback,8.03,9.6
14,Six Crimson Cranes,Elizabeth Lim,8,7,2021,Hardback,23.97,23.97
15,Where the Crawdads Sing,Delia Owens,20,12,2019,Paperback,10.56,12.35
16,Piranesi,Susanna Clarke,2,9,2021,Paperback,11.68,12.35
17,Atomic Habits,James Clear,27,11,2018,Paperback,21.19,23.34
18,Your Head is a Houseboat,Campbell Walker,29,9,2021,Paperback,17.89,19.99
19,They Both Die at the End,Adam Silvera,7,9,2017,Paperback,10.42,10.98
20,Grandmaster of Demonic Cultivation,Mo Xiang Tong Xiu,14,12,2021,Paperback,17.89,19.99
21,The Song of Achilles,Madeline Miller,2,9,2021,Hardback,38.7,38.7
22,The Beekeeper of Aleppo,Christy Lefteri,1,4,2020,Paperback,10.68,12.35
23,Dune,Frank Herbert,15,7,2011,Paperback,14.15,14.15
24,Heaven Official's Blessing,Mo Xiang Tong Xiu,14,12,2021,Paperback,17.89,19.99
25,Normal People,Sally Rooney,23,7,2019,Paperback,13.9,13.9
26,The Atlas Six,Olivie Blake,30,1,2020,Paperback,16.79,16.79
27,The Silent Patient,Alex Michaelides,15,1,2020,Paperback,10.05,12.35
28,The Hating Game,Sally Thorne,7,9,2017,Paperback,15.86,15.86
29,A Passage North,Anuk Arudpragasam,15,7,2021,Hardback,25.81,25.81
30,Come as You Are: Revised and Updated,Emily Nagoski,2,3,2021,Paperback,18.54,18.54
31,I Grew with You,Sarah Molitor,26,10,2021,Hardback,15.95,16.95
32,Conversations with Friends,Sally Rooney,1,3,2018,Paperback,15.01,15.01
33,The Scum Villain's Self-Saving System,Mo Xiang Tong Xiu,14,12,2021,Paperback,17.89,19.99
34,You Can Do All Things 2022 Day-to-Day Calendar,Kate Allan,30,9,2021,Calendar,15.15,15.99
35,Clarity & Connection,Yung Pueblo,2,7,2021,Paperback,15.47,16.99
36,"Red, White & Royal Blue",Casey McQuiston,14,5,2019,Paperback,13.65,16.99
37,Red Roulette,Desmond Shum,7,9,2021,Paperback,34.83,34.83
38,The Vanishing Half,Brit Bennett,3,6,2021,Paperback,14.51,14.51
39,The Spanish Love Deception,Elena Armas,22,2,2021,Paperback,25.98,25.98
40,The Cruel Prince (The Folk of the Air),Holly Black,26,7,2018,Paperback,10.21,12.35
41,One Of Us Is Lying,Karen M. McManus,1,6,2017,Paperback,11.2,11.2
42,Verity,Colleen Hoover,10,12,2018,Paperback,14.64,14.99
43,The Hebridean Baker,Coinneach MacLeod,15,10,2021,Hardback,27.16,27.48
44,Empire of the Vampire,Jay Kristoff,7,9,2021,Hardback,25.99,25.99
45,1984,George Orwell,1,10,2008,Paperback,8.33,17.75
46,12 Rules for Life,Jordan B. Peterson,7,5,2019,Paperback,14.05,15.1
47,Your One Wild and Precious Life,Maureen Gaffney,16,9,2021,Paperback,21.77,21.77
48,All Your Perfects,Colleen Hoover,9,8,2018,Paperback,13.83,16.99
49,Our Family Pledge,Emmaline Carroll Southwell,28,9,2021,Hardback,13.88,14.53
50,Rich Dad Poor Dad,Robert T. Kiyosaki,31,10,2018,Paperback,9.43,9.43
51,The Psychology of Money,Morgan Housel,8,9,2020,Paperback,17.64,18.99
52,If We Were Villains - signed edition,M. L. Rio,24,9,2021,Hardback,18.43,20.59
53,The Secret History,Donna Tartt,1,7,1995,Paperback,20.13,20.13
54,"The Boy, The Mole, The Fox and The Horse",Charlie Mackesy,4,11,2019,Hardback,23.22,23.34
55,The Very Hungry Caterpillar,Eric Carle,29,9,1994,Board book,9.32,9.48
56,"Thinking, Fast and Slow",Daniel Kahneman,24,5,2012,Paperback,21.19,21.19
57,Heaven Official's Blessing: Tian Guan Ci Fu (Novel) Vol. 2,Mo Xiang Tong Xiu,15,2,2022,Paperback,17.89,19.99
58,The Invisible String,Patrice Karst,6,12,2018,Paperback,10.67,10.67
59,The Truth About COVID-19,Doctor Joseph Mercola,29,4,2021,Hardback,21.05,24.95
60,A Good Girl's Guide to Murder,Holly Jackson,17,10,2019,Paperback,12.77,12.77
61,Aristotle and Dante Dive Into the Waters of the World,Benjamin Alire Saenz,12,10,2021,Paperback,13.0,13.0
62,Six of Crows: Collector's Edition,Leigh Bardugo,11,10,2018,Hardback,20.92,23.34
63,Joshua Weissman: An Unapologetic Cookbook,Joshua Weissman,14,9,2021,Hardback,30.01,30.01
64,Dear Zoo,Rod Campbell,8,5,2007,Board book,7.65,7.65
65,"My Hero Academia, Vol. 29",Kohei Horikoshi,30,9,2021,Paperback,9.77,9.99
66,The Power of Now,Eckhart Tolle,7,1,2016,Paperback,13.46,19.75
67,Hamnet,Maggie O'Farrell,15,4,2021,Paperback,15.83,15.83
68,Ugly Love,Colleen Hoover,21,1,2016,Paperback,13.87,15.5
69,Grandmaster of Demonic Cultivation: Mo Dao Zu Shi (Novel) Vol. 2,Mo Xiang Tong Xiu,15,3,2022,Paperback,17.89,19.99
70,Start With Why,Simon Sinek,11,10,2011,Paperback,12.49,21.75
71,A Little Life,Hanya Yanagihara,10,3,2017,Paperback,16.08,16.08
72,Circe,Madeline Miller,24,4,2019,Paperback,13.47,13.72
73,Animal Farm,George Orwell,1,10,2008,Paperback,7.26,17.75
74,Attached,Amir Levine,22,8,2019,Paperback,15.46,15.46
75,Dune Messiah,Frank Herbert,16,5,2018,Paperback,15.41,15.41
76,Heaven Official's Blessing: Tian Guan Ci Fu (Novel) Vol. 2,Mo Xiang Tong Xiu,15,2,2022,Paperback,17.89,19.99
77,Shuggie Bain,Douglas Stuart,15,4,2021,Paperback,12.33,12.35
78,We Were Liars,E. Lockhart,13,5,2014,Paperback,14.17,14.17
79,Heaven Official's Blessing: Tian Guan Ci Fu (Novel) Vol. 3,Mo Xiang Tong Xiu,17,5,2022,Paperback,17.89,19.99
80,The Man Who Died Twice,Richard Osman,16,9,2021,Hardback,26.32,26.32
81,The Alchemist,Paulo Coelho,1,6,2020,Paperback,8.92,8.99
82,Bewilderment,Richard Powers,21,9,2021,Hardback,24.05,26.09
83,The Fortune Men,Nadifa Mohamed,27,5,2021,Hardback,21.47,21.47
84,If We Were Villains,M. L. Rio,13,6,2017,Paperback,14.27,14.27
85,Crooked Kingdom Collector's Edition,Leigh Bardugo,5,9,2019,Hardback,21.59,23.34
87,Have You Filled A Bucket Today?,Carol McCloud,1,10,2015,Paperback,9.77,9.95
88,Meine Reise durch Europa,Rita Berman,30,9,2021,Paperback,10.34,10.34
89,This is Going to Hurt,Adam Kay,19,4,2018,Paperback,12.84,12.84
90,Crooked Kingdom Collector's Edition,Leigh Bardugo,5,9,2019,Hardback,21.59,23.34
91,Have You Filled A Bucket Today?,Carol McCloud,1,10,2015,Paperback,9.77,9.95
92,Meine Reise durch Europa,Rita Berman,30,9,2021,Paperback,10.34,10.34
93,This is Going to Hurt,Adam Kay,19,4,2018,Paperback,12.84,12.84
94,November 9,Colleen Hoover,10,11,2015,Paperback,15.38,16.99
95,The Bell Jar,Sylvia Plath,15,8,2011,Paperback,11.78,12.95
96,The Whole-Brain Child,Daniel J. Siegel,29,11,2018,Paperback,13.88,17.0
97,The Song of Achilles,Madeline Miller,28,8,2012,Paperback,15.71,16.99
98,Giraffes Can't Dance,Giles Andreae,1,5,2014,Paperback,11.52,13.25
99,The Deal,Elle Kennedy,24,2,2015,Paperback,15.24,15.24
100,The Unhoneymooners,Christina Lauren,14,5,2019,Paperback,15.71,16.99
101,These Hollow Vows,Lexi Ryan,20,7,2021,Hardback,20.3,20.3
102,The Koala Who Could,Rachel Bright,17,2,2017,Paperback,12.47,12.47
103,Heartstopper Volume Four,Alice Oseman,13,5,2021,Paperback,17.36,17.36
104,The Forever Dog,Rodney Habib,12,10,2021,Paperback,17.22,19.24
105,The Inheritance Games,Jennifer Lynn Barnes,27,7,2021,Paperback,12.7,12.7
106,"Girl, Woman, Other",Bernardine Evaristo,5,3,2020,Paperback,14.48,14.48
107,"The Boy, the Mole, the Fox and the Horse",Charlie Mackesy,22,10,2020,Hardback,21.05,22.99
108,From Blood and Ash,Jennifer L Armentrout,25,5,2021,Hardback,37.06,37.06
109,The Almanack of Naval Ravikant,Eric Jorgenson,15,9,2020,Paperback,14.98,16.99
110,Children Of Dune,Frank Herbert,28,1,2021,Paperback,16.57,16.57
111,Mindset - Updated Edition,Dr Carol Dweck,11,4,2017,Paperback,24.05,24.05
112,The Lion Inside,Rachel Bright,10,3,2016,Paperback,12.0,12.0
113,The Flatshare,Beth O'Leary,11,5,2020,Paperback,15.49,15.49
114,The Promise,Damon Galgut,17,6,2021,Paperback,19.92,19.92
115,The Daily Stoic,Ryan Holiday,3,1,2017,Paperback,13.13,15.1
116,The Scum Villain's Self-Saving System: Ren Zha Fanpai Zijiu Xitong (Novel) Vol. 2,Mo Xiang Tong Xiu,19,4,2022,Paperback,17.89,19.99
117,The House in the Cerulean Sea,TJ Klune,16,9,2021,Paperback,13.25,13.25
118,What Really Happened In Wuhan,Sharri Markson,29,9,2021,Paperback,22.77,25.44
119,Dance of Thieves,Mary Pearson,6,8,2019,Paperback,14.62,14.62
120,Think Again,Adam Grant,4,2,2021,Paperback,18.62,20.59
121,They Both Die at the End,Adam Silvera,18,12,2018,Paperback,13.06,13.06
122,The Four Agreements,Don Miguel Ruiz,7,11,1997,Paperback,11.42,12.95
123,Four Thousand Weeks,Oliver Burkeman,26,8,2021,Paperback,30.86,30.86
124,Six of Crows,Leigh Bardugo,2,6,2016,Paperback,12.68,12.68
125,A Court of Thorns and Roses,Sarah J. Maas,5,6,2020,Paperback,11.88,12.35
126,The Folk of the Air Boxset,Holly Black,8,10,2020,Novelty book,39.29,39.29
127,"My Hero Academia, Vol. 1",Kohei Horikoshi,27,8,2015,Paperback,20.35,20.35
128,The Hawthorne Legacy,Jennifer Lynn Barnes,9,9,2021,Paperback,11.19,11.19
129,Breath,James Nestor,8,7,2021,Paperback,15.8,15.8
130,Dark Rise,C S Pacat,28,9,2021,Hardback,18.9,18.99
131,The Tiger Who Came to Tea,Judith Kerr,6,2,2006,Paperback,9.09,9.09
132,Crime and Punishment,Fyodor Dostoevsky,5,5,2000,Paperback,6.18,6.18
133,Untamed,Glennon Doyle,25,5,2020,Paperback,18.34,20.59
134,Berserk Volume 1,Kentaro Miura,17,3,2009,Paperback,13.92,14.99
135,How to Win Friends and Influence People,Dale Carnegie,16,5,2011,Paperback,10.69,10.69
136,BYWAYS. Photographs by Roger A Deakins,Roger  Deakins,19,10,2021,Hardback,56.5,56.5
137,The Promise,Damon Galgut,17,6,2021,Hardback,24.7,24.7
138,The Montessori Toddler,Simone Davies,12,4,2019,Paperback,17.72,19.95
139,The Wicked King (The Folk of the Air #2),Holly Black,4,10,2019,Paperback,10.44,12.35
140,And Away...,Bob Mortimer,16,9,2021,Paperback,21.39,21.39
141,The Day the Crayons Quit,Drew Daywalt,1,8,2014,Paperback,13.22,13.22
142,The Rainbow Fish,Marcus Pfister,1,7,2012,Paperback,10.27,10.27
143,When the Body Says No,Dr Gabor Mate,3,1,2019,Paperback,15.86,15.86
144,Think and Grow Rich,Napoleon Hill,1,9,2005,Paperback,10.29,10.29
145,How to Save a Life,LYNETTE RICE,28,9,2021,Paperback,18.43,20.59
146,"Vagabond (VIZBIG Edition), Vol. 1",Takehiko Inoue,3,7,2014,Paperback,30.7,30.7
147,I Want My Hat Back,Jon Klassen,4,10,2012,Paperback,9.54,15.5
148,One Up On Wall Street,Peter Lynch,31,10,2018,Paperback,15.62,18.99
149,The Untethered Soul,Michael A. Singer,7,11,2007,Paperback,14.1,18.95
150,"Good Vibes, Good Life",Vex King,4,12,2018,Paperback,13.92,16.99
151,Ranger 22,Ray Goggins,3,11,2021,Paperback,20.54,22.95
152,The Great Dune Trilogy,Frank Herbert,17,11,2005,Paperback,30.88,37.5
153,The Great Dune Trilogy,Frank Herbert,5,12,2019,Hardback,43.42,48.08
154,The Witcher Boxed Set,Andrzej Sapkowski,1,10,2020,Paperback,87.46,108.52
155,The Queen of Nothing (The Folk of the Air #3),Holly Black,23,7,2020,Paperback,13.88,13.88
156,Inward,Yung Pueblo,5,8,2020,Paperback,14.58,16.99
157,Tales From the Forest Kingdom Coloring Book,Hanna Karlzon,31,8,2021,Hardback,16.1,16.1
158,Nine Perfect Strangers,Liane Moriarty,5,6,2019,Paperback,15.23,15.23
159,Deep Work,Cal Newport,5,1,2016,Paperback,19.39,20.59
160,Big Panda and Tiny Dragon,James Norbury,16,9,2021,Hardback,21.39,21.39
161,A Cook's Book,Nigel Slater,14,10,2021,Hardback,40.22,41.21
162,The Twins of Auschwitz,Eva Mozes Kor,24,9,2020,Paperback,14.3,14.3
163,Our Dreams at Dusk: Shimanami Tasogare Vol. 2,Yuhki Kamatani,23,7,2019,Paperback,13.41,13.41
164,No One Is Talking About This,Patricia Lockwood,16,2,2021,Hardback,20.1,20.59
165,How To Do The Work,Nicole Lepera,11,3,2021,Paperback,27.19,27.19
166,Look Inside Your Body,Louie Stowell,8,1,2021,Board book,20.52,20.52
167,Great Circle,Maggie Shipstead,4,5,2021,Hardback,24.16,24.16
168,The Legacy,Elle Kennedy,21,9,2021,Paperback,14.83,14.83
169,Matilda,Roald Dahl,16,8,2007,Paperback,8.35,8.35
170,Crooked Kingdom (Six of Crows Book 2),Leigh Bardugo,21,6,2017,Paperback,21.76,21.76
171,Aristotle and Dante Discover the Secrets of the Universe,Benjamin Alire Sáenz,27,5,2021,Paperback,14.51,14.51
172,"Peaceful Parent, Happy Kids",Laura Markham,28,11,2012,Paperback,14.92,17.0
173,The Wonderful Things You Will Be,Emily Winfield Martin,22,9,2015,Hardback,18.88,18.88
174,Everything I Never Told You,Celeste Ng,13,11,2014,Paperback,10.08,12.35
175,Everything I Know About Love,Dolly Alderton,7,2,2019,Paperback,14.69,14.69
176,"Given, Vol. 6",Natsuki Kizu,14,10,2021,Paperback,11.63,12.99
177,The Little Book of Joy,Joanne Ruelos Diaz,2,9,2021,Hardback,21.19,21.19
178,Berserk Deluxe Volume 4,Kentaro Miura,12,3,2020,Hardback,55.78,55.78
179,Natural Magick,Lindsay Squire,21,9,2021,Paperback,17.38,19.99
180,Natural Magick,Lindsay Squire,21,9,2021,Paperback,17.38,19.99
181,Goodnight Moon,Margaret Wise Brown,24,6,2011,Board book,9.45,9.45
182,The Stranger,Albert Camus,9,8,2016,Paperback,11.61,13.95
183,Kingdom of the Cursed,Kerri Maniscalco,5,10,2021,Hardback,17.25,18.99
184,Braiding Sweetgrass,Robin Wall Kimmerer,23,4,2020,Paperback,15.43,15.43
185,My Policeman,Bethan Roberts,1,4,2014,Paperback,12.1,18.95
186,Belonging,Catherine Corless,16,9,2021,Paperback,19.42,21.97
187,Ariadne,Jennifer Saint,29,4,2021,Hardback,26.8,26.8
188,Iced,Felix Francis,16,9,2021,Hardback,27.54,27.54
189,"Brown Bear, Brown Bear, What Do You See?",Eric Carle,2,1,1997,Board book,10.15,11.06
190,Never Split the Difference,Chris Voss,29,6,2018,Paperback,9.21,9.21
191,Invisible Women,Caroline Criado Perez,5,3,2020,Paperback,13.56,13.72
192,Entangled Life,Merlin Sheldrake,2,9,2021,Paperback,14.96,15.1
193,A Radical Awakening,Dr Shefali Tsabary,18,5,2021,Paperback,25.03,25.03
194,Some Things I Still Can't Tell You,Misha Collins,25,11,2021,Paperback,13.42,14.99
196,Uzumaki (3-in-1 Deluxe Edition),Junji Ito,21,11,2013,Hardback,33.74,33.74
197,Anxious People,Fredrik Backman,19,8,2021,Paperback,12.98,12.98
198,The Brightest Night (Wings of Fire Graphic Novel 5 ),Tui T. Sutherland,7,10,2021,Paperback,13.41,13.41
199,Beano Annual 2022,,1,8,2021,Hardback,15.69,15.69
200,Go Tell the Bees that I am Gone,Diana Gabaldon,23,11,2021,Paperback,22.84,24.04
201,The Montessori Baby,Simone Davies,11,5,2021,Paperback,19.04,19.95
202,God Emperor Of Dune,Frank Herbert,28,1,2021,Paperback,17.03,17.03
203,The Shadow and Bone Trilogy Boxed Set,Leigh Bardugo,14,11,2017,Paperback,38.55,38.55
204,Where's Spot?,Eric Hill,16,6,2011,Board book,9.95,9.95
205,The Art of War,Sun Tzu,14,10,2011,Paperback,7.25,7.25
206,Surrounded by Idiots,Thomas Erikson,30,7,2019,Paperback,12.74,13.72
207,Lit from Within,Sarah Powers,2,11,2021,Paperback,17.86,19.95
208,Range,David Epstein,1,10,2020,Paperback,13.36,15.1
209,The Lean Startup,Eric Ries,13,10,2011,Paperback,20.78,20.78
210,Never Let Me Go,Kazuo Ishiguro,1,2,2010,Paperback,11.61,11.61
211,The Unhoneymooners,Christina Lauren,14,5,2020,Paperback,11.3,12.35
212,Playing Big,Tara Mohr,12,3,2015,Paperback,12.97,13.72
213,The Mountain Is You,Brianna Wiest,1,6,2020,Paperback,27.55,27.55
214,Christians,Greg Sheridan,6,1,2022,Paperback,35.85,35.85
215,The Courage To Be Disliked,Ichiro Kishimi,23,7,2019,Paperback,18.86,18.86
216,It Starts with the Egg,Rebecca Fett,28,2,2019,Paperback,22.76,22.76
217,"Set Boundaries, Find Peace",Nedra Glover Tawwab,30,3,2021,Paperback,15.88,20.59
218,"Get A Life, Chloe Brown",Talia Hibbert,5,11,2019,Paperback,14.88,14.88
219,The Snail and the Whale,Julia Donaldson,4,6,2006,Paperback,9.9,9.9
220,"Oh, The Places You'll Go!",Dr. Seuss,1,6,2017,Paperback,9.8,15.5
221,"Chainsaw Man, Vol. 7",Tatsuki Fujimoto,28,10,2021,Paperback,8.94,9.99
222,Daisy Jones and The Six,Taylor Jenkins Reid,9,1,2020,Paperback,15.91,15.91
223,The Comfort Book,Matt Haig,6,7,2021,Hardback,26.74,26.74
225,What to Do When You Worry Too Much,Dawn Huebner,15,9,2005,Paperback,16.67,16.99
226,Can't Hurt Me,David Goggins,11,10,2018,Paperback,25.34,25.34
227,Misfits,Michaela Coel,7,9,2021,Hardback,12.82,13.72
228,Percy Jackson and the Olympians,Rick Riordan,3,6,2014,Paperback,45.94,45.94
229,Unbound,Tarana Burke,14,9,2021,Hardback,21.39,27.48
230,Unnatural Causes,Dr Richard Shepherd,24,9,2019,Paperback,18.52,18.52
231,Wheel of Time Premium Boxed Set I,Robert Jordan,29,10,2019,Paperback,40.43,40.43
232,One Last Stop,Casey McQuiston,1,6,2021,Paperback,13.81,16.99
233,There Was an Old Lady Who Swallowed a Fly,,1,12,2000,Board book,7.18,7.18
234,The Book You Wish Your Parents Had Read (and Your Children Will Be Glad That You Did),Philippa Perry,1,1,2021,Paperback,14.25,14.25
235,de Sangre Y Cenizas,Jennifer L Armentrout,26,10,2021,Paperback,15.95,16.95
236,Red Roulette,Desmond Shum,7,9,2021,Hardback,26.78,30.0
237,The Starseed Oracle,Rebecca Campbell,13,1,2020,Cards,23.21,24.99
238,Numberblocks Annual 2022,Sweet Cherry Publishing,9,9,2021,Hardback,11.27,11.27
239,Brain Games For Clever Kids (R),Gareth Moore,1,10,2014,Paperback,8.25,8.25
240,Dark Rise: Dark Rise 1,C S Pacat,28,9,2021,Paperback,15.58,15.58
241,Ottolenghi Test Kitchen: Shelf Love,Yotam Ottolenghi,30,9,2021,Paperback,30.74,34.35
242,A Court of Wings and Ruin,Sarah J. Maas,5,6,2020,Paperback,16.4,16.4
243,Heretics Of Dune,Frank Herbert,28,1,2021,Paperback,16.59,16.59
244,"Fire Punch, Vol. 3",Tatsuki Fujimoto,9,8,2018,Paperback,11.03,12.99
245,Look Inside Our World,Emily Bone,30,12,2014,Board book,15.53,15.53
246,Six of Crows Boxed Set,Leigh Bardugo,16,10,2018,Paperback,28.73,28.73
247,Minecraft Annual 2022,Mojang AB,2,9,2021,Hardback,13.75,13.75
248,The Catcher in the Rye,J. D. Salinger,18,3,2005,Paperback,8.74,8.99
249,First 100 Words,Roger Priddy,10,5,2011,Board book,7.39,7.39
250,Numbers Don't Lie,Vaclav Smil,1,4,2021,Paperback,14.46,14.46
251,One Of Us Is Next,Karen M. McManus,9,1,2020,Paperback,11.3,11.3
252,Daring Greatly,Brene Brown,25,1,2016,Paperback,14.74,14.74
253,Room on the Broom,Julia Donaldson,25,8,2003,Paperback,9.3,9.3
254,Harry Potter y la cámara secreta (Ed. Minalima),J.K. Rowling,28,10,2021,Hardback,33.58,37.52
255,The Concise 48 Laws Of Power,Robert Greene,13,6,2002,Paperback,9.94,15.5
256,Attack On Titan Season 1 Part 1 Manga Box Set,Hajime Isayama,7,2,2020,Paperback,39.47,43.96
257,Chapter House Dune,Frank Herbert,28,1,2021,Paperback,17.07,17.07
258,Heartstopper Volume One,Alice Oseman,10,4,2019,Paperback,16.97,16.97
259,Tomie: Complete Deluxe Edition,Junji Ito,20,12,2016,Hardback,34.44,34.99
260,Superworm,Julia Donaldson,7,7,2016,Paperback,15.49,15.49
261,The Light Seer's Tarot,Chris-Anne,3,12,2019,Cards,22.42,24.99
262,Five Love Languages Revised Edition,Gary Chapman,26,3,2015,Paperback,13.73,15.99
263,Show Your Work!,Austin Kleon,11,3,2014,Paperback,13.06,13.06
264,You and Me on Vacation,Emily Henry,22,7,2021,Paperback,11.33,11.33
265,Norwegian Wood,Haruki Murakami,4,7,2003,Paperback,17.07,27.75
266,The Subtle Art of Not Giving a F*ck,Mark Manson,17,11,2016,Hardback,21.56,26.99
267,The Subtle Art of Not Giving a F*Ck,Mark Manson,13,9,2017,Paperback,18.07,18.99
268,Una corte de llamas plateadas,Sarah J. Maas,10,11,2021,Paperback,17.82,19.87
269,"Chainsaw Man, Vol. 6",Tatsuki Fujimoto,14,10,2021,Paperback,8.94,9.99
270,The Little Prince,Antoine de Saint-Exupery,1,1,1998,Paperback,5.15,5.15
271,Call Me By Your Name,Andre Aciman,21,12,2017,Paperback,15.81,15.81
272,Scattered Minds,Dr Gabor Mate,3,1,2019,Paperback,14.12,15.1
274,Berserk Deluxe Volume 5,Kentaro Miura,26,7,2020,Hardback,59.96,59.96
275,American Dirt,Jeanine Cummins,18,2,2021,Paperback,15.95,15.95
276,Meditations,Marcus Aurelius,6,2,2019,Paperback,12.48,12.48
277,The Rabbit Listened,Cori Doerrfeld,20,2,2018,Hardback,19.9,19.9
278,A Court of Frost and Starlight,Sarah J. Maas,5,6,2020,Paperback,13.1,13.1
279,The 13-Storey Treehouse,Andy Griffiths,20,3,2015,Paperback,6.6,9.6
280,On Writing,Stephen King,1,9,2020,Paperback,17.05,19.75
281,Look Inside Space,Rob Lloyd Jones,29,11,2012,Board book,15.98,15.98
282,Humankind,Rutger Bregman,13,5,2021,Paperback,14.26,14.26
283,Mythos,Stephen Fry,26,7,2018,Paperback,13.97,13.97
284,"The Case Study of Vanitas, Vol. 3",Jun Mochizuki,14,11,2017,Paperback,12.47,13.0
285,The Outsiders,S E Hinton,4,8,2016,Paperback,10.34,10.98
286,Hear Yourself,Prem Rawat,30,9,2021,Hardback,23.73,26.99
287,The Intelligent Investor,Benjamin Graham,23,10,2003,Paperback,23.31,24.99
288,The Only Study Guide You'll Ever Need,Jade Bowler,5,8,2021,Paperback,16.1,20.59
289,Ikigai,Héctor García,7,9,2017,Hardback,19.45,19.45
290,Ottolenghi SIMPLE,Yotam Ottolenghi,6,9,2018,Hardback,36.97,36.97
291,My Year of Rest and Relaxation,Ottessa Moshfegh,2,5,2019,Paperback,14.54,14.54
292,Attack On Titan Season 1 Part 2 Manga Box Set,Hajime Isayama,25,6,2018,Paperback,40.83,43.96
293,Milk and Honey,Rupi Kaur,8,7,2016,Paperback,11.78,14.99
294,Look Inside Things That Go,Rob Lloyd Jones,1,11,2013,Board book,17.08,17.08
295,The Priory of the Orange Tree,Samantha Shannon,6,2,2020,Paperback,17.51,17.51
296,The Salt Path,Raynor Winn,31,1,2019,Paperback,12.68,13.72
297,Angel Answers Oracle Cards,Radleigh Valentine,9,11,2020,Cards,16.27,19.99
298,The Girl Who Never Made Mistakes,Gary Rubinstein,4,11,2011,Hardback,18.03,18.03
299,Secrets of Natural Success,William Whitecloud,12,7,2019,Paperback,25.18,25.18
300,Mr Men Little Miss Advent Calendar,Adam Hargreave,14,10,2021,Hardback,24.58,27.46
301,Why We Sleep,Matthew Walker,31,10,2018,Paperback,18.91,18.91
302,Roald Dahl's Marvellous Joke Book,Roald Dahl,6,9,2012,Paperback,8.2,8.2
303,Meditations,Marcus Aurelius,17,11,2015,Paperback,10.12,11.0
304,All the Light We Cannot See,Anthony Doerr,1,5,2015,Paperback,14.11,14.11
305,Talk To Me In Korean Level 1 (downloadable Audio Files Included),Talktomeinkorean Talktomeinkorean,28,12,2015,Paperback,17.88,24.99
306,This Book Is for You,Worry Lines,12,10,2021,Hardback,17.62,17.62
307,"Demon Slayer: Kimetsu no Yaiba, Vol. 23",Koyoharu Gotouge,30,9,2021,Paperback,9.93,9.99
308,Funkytown,Paul Kennedy,28,9,2021,Paperback,21.47,23.99
309,Never Split the Difference,Chris Voss,23,3,2017,Paperback,15.44,15.44
310,Capitalist Realism - Is there no alternative?,Mark Fisher,9,12,2013,Paperback,13.89,14.95
311,In the Realm of Hungry Ghosts,Dr Gabor Mate,4,10,2018,Paperback,15.67,15.67
312,The Obstacle is the Way,Ryan Holiday,31,10,2018,Paperback,11.17,13.72
313,The Goal,Elle Kennedy,26,9,2016,Paperback,14.94,15.0
314,Disney Princess Storybook Collection: Advent Calendar,,1,10,2021,Hardback,35.43,35.43
315,Tarot of Mystical Moments,Catrin Welz-Stein,1,4,2021,Hardback,25.4,25.95
316,Med,Claudia Roden,2,9,2021,Hardback,40.9,40.9
317,The Seven Sisters,Lucinda Riley,1,11,2018,Paperback,15.72,15.72
318,Shadow and Bone: Siege and Storm,Leigh Bardugo,28,6,2018,Paperback,13.87,13.87
319,To Kill a Kingdom,Alexandra Christo,6,3,2018,Paperback,14.28,14.28
320,A Man Called Ove,Fredrik Backman,7,5,2015,Paperback,9.86,12.35
321,"My Hero Academia, Vol. 2",Kohei Horikoshi,19,11,2015,Paperback,15.29,15.29
322,Circe,Madeline Miller,19,4,2018,Hardback,25.25,25.25
323,Peter Darling,Austin Chant,1,6,2021,Paperback,13.34,13.34
324,The Wonky Donkey,Craig Smith,30,11,2018,Paperback,7.79,7.79
325,The Mamba Mentality: How I Play,Kobe Bryant,28,2,2020,Hardback,33.1,35.0
326,A Gentleman in Moscow,Amor Towles,2,11,2017,Paperback,14.88,14.88
327,"Influence, New and Expanded UK","Robert B Cialdini, PhD",13,5,2021,Paperback,21.86,21.86
328,"One Piece, Vol. 97",Eiichiro Oda,28,10,2021,Paperback,9.79,9.99
329,Story Of My Home: The Art of Home,The Story Of My Home Team,16,9,2021,Hardback,22.52,22.52
330,Burnout,Gordon Parker,2,7,2021,Paperback,33.87,33.87
331,Ethereal Visions,Matt Hughes,1,10,2018,Cards,20.58,23.95
333,It Ends with Us,Colleen Hoover,2,8,2016,Paperback,16.23,16.99
334,November 9,Colleen Hoover,11,11,2015,Paperback,12.27,13.5
335,Red Queen,Victoria Aveyard,16,7,2015,Paperback,14.11,14.11
336,We Hunt the Flame,Hafsah Faizal,29,6,2021,Paperback,14.06,14.06
337,You Can Heal Your Life,Louise Hay,1,7,2004,Paperback,13.81,15.99
338,Leaders Eat Last,Simon Sinek,12,7,2017,Paperback,16.03,16.03
339,House of Leaves,Mark Z. Danielewski,7,3,2000,Paperback,28.81,28.81
340,Josh and Hazel's Guide to Not Dating,Christina Lauren,8,8,2019,Paperback,9.95,12.35
341,Plantyou,Carleigh Bodrug,18,1,2022,Hardback,26.85,30.0
342,Live No Lies,John Mark Comer,28,9,2021,Hardback,20.78,23.34
343,The Very Hungry Caterpillar: Little Learning Library,Eric Carle,10,1,2011,Board book,9.8,11.0
344,How to Win Friends and Influence People,Dale Carnegie,16,8,2010,Paperback,9.67,9.67
345,"Hunt, Gather, Parent",Michaeleen Doucleff,4,3,2021,Paperback,21.04,21.04
346,The 7 Habits of Highly Effective People,Stephen R Covey,19,5,2020,Paperback,17.64,18.99
347,Nonviolent Communication 3rd Ed,Rosenberg M,28,12,2015,Paperback,19.74,19.95
348,How to Talk so Kids Will Listen and Listen so Kids Will Talk,Adele Faber,5,12,2012,Paperback,17.48,29.25
349,Malibu Rising,Taylor Jenkins Reid,1,6,2021,Paperback,18.34,18.34
350,The Colour Monster,,1,3,2016,Paperback,16.37,16.37
351,The Mistake,Elle Kennedy,28,4,2015,Paperback,14.36,15.0
352,Project Hail Mary,Andy Weir,4,5,2021,Paperback,21.1,23.99
353,Shadow and Bone: Now a Netflix Original Series,Leigh Bardugo,28,6,2018,Paperback,14.0,14.0
354,King of Scars,Leigh Bardugo,5,3,2020,Paperback,15.13,15.13
355,The Green Witch,Arin Murphy-Hiscock,19,10,2017,Hardback,16.49,17.99
356,Diary of an Oxygen Thief,Anonymous,25,8,2016,Paperback,15.28,15.28
357,Shoe Dog,Phil Knight,3,5,2018,Paperback,12.44,13.72
358,Ten Little Fingers and Ten Little Toes,Mem Fox,7,2,2011,Board book,10.54,11.0
359,The High 5 Habit,Mel Robbins,28,9,2021,Paperback,17.56,19.62
360,Love You Forever,Robert Munsch,1,9,1995,Paperback,6.73,6.73
361,Zero to One,Blake Masters,31,10,2018,Paperback,13.26,13.49
362,Troubled Blood,Robert Galbraith,24,6,2021,Paperback,15.92,15.92
363,Wonder,R. J. Palacio,23,1,2013,Paperback,14.88,18.0
364,The Hobbit and the Lord of the Rings,J. R. R. Tolkien,21,10,2014,Paperback,55.96,59.99
365,The Gruffalo's Child,Julia Donaldson,1,3,2007,Paperback,8.6,8.6
366,The Dinosaur's Diary,Julia Donaldson,28,3,2002,Paperback,7.65,8.23
367,"Toilet-bound Hanako-kun, Vol. 1",Aidalro,28,1,2020,Paperback,12.07,13.0
368,"Jujutsu Kaisen, Vol. 12",Gege Akutami,28,10,2021,Paperback,8.94,9.99
369,Convenience Store Woman,Sayaka Murata,5,8,2019,Paperback,14.11,14.11
370,Neon Gods,Katee Robert,1,6,2021,Paperback,24.56,24.56
371,Blue Period 2,Tsubasa Yamaguchi,5,1,2021,Paperback,12.12,12.99
372,Attack on Titan 34,Hajime Isayama,19,10,2021,Paperback,10.01,10.99
373,Providence Compendium,Alan Moore,14,9,2021,Paperback,32.14,32.14
374,Spin the Dawn,Elizabeth Lim,4,3,2021,Paperback,15.9,15.9
375,Billy Summers,Stephen King,3,8,2021,Hardback,23.61,27.48
376,Harry Potter and the Chamber of Secrets: MinaLima Edition,J.K. Rowling,26,10,2021,Hardback,39.35,43.96
377,Rule of Wolves (King of Scars Book 2),Leigh Bardugo,30,3,2021,Hardback,24.68,24.68
378,Berserk Deluxe Volume 9,Kentaro Miura,9,11,2021,Hardback,44.74,49.99
379,The Wrath and the Dawn,Renee Ahdieh,6,4,2017,Paperback,14.16,14.16
380,Press Here,Herve Tullet,19,2,2019,Board book,10.46,10.46
381,solanin,Inio Asano,19,4,2018,Paperback,17.82,17.99
382,Harry Potter and the Philosopher's Stone,J.K. Rowling,1,9,2014,Paperback,16.12,16.12
383,Lost Connections,Johann Hari,11,1,2019,Paperback,14.84,15.1
384,Once Upon a Time in Hollywood,Quentin Tarantino,29,6,2021,Paperback,9.8,12.35
385,The Prince,Niccolo Machiavelli,2,1,2000,Paperback,3.42,3.42
386,Holes,Louis Sachar,30,9,2011,Paperback,8.94,8.99
387,The Huge Bag of Worries,Virginia Ironside,6,1,2011,Paperback,12.37,12.37
388,Stuck,Oliver Jeffers,1,5,2012,Paperback,15.34,15.5
390,Women Don't Owe You Pretty,Florence Given,9,9,2021,Paperback,7.76,10.98
391,Dinosaurs Love Underpants,Claire Freedman,5,6,2008,Paperback,12.83,12.83
392,The Overstory,Richard Powers,1,7,2019,Paperback,18.29,18.29
393,"Richer, Wiser, Happier",William Green,29,4,2021,Paperback,21.53,21.53
394,Our Dreams at Dusk: Shimanami Tasogare Vol. 4,Yuhki Kamatani,17,12,2019,Paperback,13.17,13.17
395,The Storm Sister,Lucinda Riley,21,3,2019,Paperback,18.8,18.8
396,Harry Potter and the Philosopher's Stone: MinaLima Edition,J.K. Rowling,27,3,2021,Hardback,39.62,41.21
397,The Real Anthony Fauci,Robert F. Kennedy Jr.,9,11,2021,Hardback,24.16,26.99
398,Heartstopper Volume Two,Alice Oseman,20,12,2019,Paperback,16.53,16.53
399,"Hunter x Hunter, Vol. 5",Yoshihiro Togashi,22,9,2016,Paperback,10.31,10.31
400,Stick Man,Julia Donaldson,26,11,2016,Paperback,11.68,11.68
401,Troy,Stephen Fry,22,7,2021,Paperback,13.8,13.8
402,And Away...,Bob Mortimer,16,9,2021,Hardback,23.75,27.48
403,Press Here,Herve Tullet,1,4,2011,Hardback,16.16,16.16
404,The Barefoot Investor,Scott Pape,1,7,2018,Paperback,18.15,21.0
405,The Underground Railroad,Colson Whitehead,29,6,2017,Paperback,13.99,13.99
406,Tarot of the Divine,Yoshi Yoshitani,30,11,2020,Cards,19.95,19.99
407,Quiet,Susan Cain,31,10,2018,Paperback,13.08,20.25
408,Educated,Tara Westover,27,11,2018,Paperback,13.37,13.72
409,Flow,Mihaly Csikszentmihalyi,24,6,2011,Paperback,9.92,16.99
410,"Asesino de Brujas - Vol. 3. La Doncella, La Bruja Y La Arpia",Shelby Mahurin,26,10,2021,Paperback,17.23,18.95
411,"Solo Leveling, Vol. 3 (Manga)",Chugong,19,10,2021,Paperback,17.9,20.0
412,The War of Art,Steven Pressfield,11,1,2012,Paperback,16.79,16.79
413,The Secret,Rhonda Byrne,4,12,2006,Hardback,20.07,26.75
414,The Happiness Trap,Russ Harris,26,6,2008,Paperback,17.39,17.39
415,My New Baby,,1,2,2010,Board book,10.17,10.17
416,The Dot,Peter H. Reynolds,4,10,2004,Paperback,12.07,12.07
417,Moonology (TM) Diary 2022: THE SUNDAY TIMES BESTSELLER,Yasmin Boland,27,7,2021,Paperback,15.47,16.99
418,Judgement Detox,Gabrielle Bernstein,2,1,2018,Paperback,20.93,20.93
419,Dare to Lead,Brené Brown,17,12,2018,Paperback,20.65,20.65
420,Ottolenghi FLAVOUR,Yotam Ottolenghi,10,9,2020,Hardback,38.3,38.3
421,The Score,Elle Kennedy,11,1,2016,Paperback,14.98,15.0
422,The Hero with a Thousand Faces,Joseph Campbell,1,2,2016,Hardback,22.29,24.95
423,King of Scars,Leigh Bardugo,29,1,2019,Hardback,19.75,20.59
424,Born A Crime,Trevor Noah,21,9,2017,Paperback,13.04,13.72
425,"Haikyu!!, Vol. 6",Haruichi Furudate,15,12,2016,Paperback,10.31,10.31
426,"Good Girl, Bad Blood",Holly Jackson,1,5,2020,Paperback,13.97,13.97
427,The Soulmate Equation,Christina Lauren,5,8,2021,Paperback,14.12,14.12
428,Greg the Sausage Roll: Santa's Little Helper,Mark Hoyle,11,11,2021,Hardback,14.76,15.1
429,Together,Jamie Oliver,2,9,2021,Hardback,37.69,37.69
430,A New Earth,Eckhart Tolle,1,3,2009,Paperback,18.7,19.75
431,Brave New World,Aldous Huxley,2,9,2004,Paperback,11.05,11.05
432,The 4-Hour Work Week,Timothy Ferriss,12,6,2013,Paperback,18.86,18.86
433,Shatter Me,Tahereh Mafi,9,1,2018,Paperback,12.54,12.54
434,I'm a Big Sister,Joanna Cole,1,4,2010,Hardback,8.33,8.33
435,River Kings,Cat Jarman,2,9,2021,Paperback,13.77,13.77
436,The One and Only Ivan,Katherine Applegate,1,10,2017,Paperback,15.74,15.74
437,Life Force,Louise Fletcher,7,10,2021,Hardback,44.75,50.0
438,How To Talk So Little Kids Will Listen,Joanna Faber,26,1,2017,Paperback,16.87,17.85
439,The Tattooist of Auschwitz,Heather Morris,18,10,2018,Paperback,9.9,12.35
440,Work Your Light Oracle Cards,Rebecca Campbell,9,11,2020,Cards,17.61,21.99
441,Twisted Tales: Enchanted Collection (Disney),,1,8,2021,Paperback,62.09,79.98
442,$100M Offers,Alex Hormozi,13,7,2021,Hardback,25.75,25.75
443,Wotakoi: Love Is Hard for Otaku 5,Fujita,5,10,2021,Paperback,16.1,17.99
444,Last Night at the Telegraph Club,Malinda Lo,18,3,2021,Paperback,15.66,15.66
445,Monkey Puzzle,Julia Donaldson,13,9,2016,Paperback,11.03,12.25
446,Small Pleasures,Clare Chambers,29,4,2021,Paperback,10.21,12.35
447,"Fire Punch, Vol. 4",Tatsuki Fujimoto,1,11,2018,Paperback,17.36,17.36
448,Peppa Pig: Little Library,Peppa Pig,16,6,2011,Board book,9.34,9.34
449,Harry Potter Box Set: The Complete Collection (Children's Paperback),J.K. Rowling,1,12,2020,Paperback,93.36,259.95
450,The The Wild Beyond the Witchlight: Dungeons & Dragons,Wizards RPG Team,21,9,2021,Hardback,42.02,49.95
451,Meditations,Marcus Aurelius,21,11,2012,Paperback,5.96,9.48
452,The Ballad of Songbirds and Snakes (A Hunger Games Novel),Suzanne Collins,8,7,2021,Paperback,14.97,14.97
453,Where Is Baby's Belly Button?,Karen Katz,26,2,2015,Board book,7.21,7.21
454,My Money My Way,Kumiko Love,1,2,2022,Hardback,23.27,26.0
455,Lord of the Flies,William Golding,15,7,2011,Paperback,9.68,11.0
456,Women Who Run with the Wolves,Clarissa Pinkola Estes,1,1,1997,Paperback,9.77,9.77
457,The Silence of the Girls,Pat Barker,18,7,2019,Paperback,13.7,13.7
458,The Magician,Colm Toibin,23,9,2021,Hardback,27.63,27.63
459,The Gruffalo,Julia Donaldson,2,3,2006,Paperback,8.35,8.35
460,Percy Jackson and the Lightning Thief (Book 1),Rick Riordan,4,7,2013,Paperback,19.06,19.06
461,Rock Paper Scissors,Alice Feeney,19,8,2021,Paperback,12.68,12.68
463,The Everyday Hero Manifesto,Robin Sharma,7,9,2021,Paperback,23.75,23.75
464,1984 Nineteen Eighty-Four,George Orwell,7,1,2021,Paperback,6.67,6.67
465,The Poppy War,R.F. Kuang,18,10,2018,Paperback,15.74,15.74
466,The Well Gardened Mind,Sue Stuart-Smith,29,4,2021,Paperback,17.18,17.18
467,We Should All Be Feminists,Chimamanda Ngozi Adichie,14,12,2015,Paperback,10.05,10.05
468,Moleskine Ltd. Ed. Peanuts 2022 18-Month Weekly Large Hardcover Notebook: Black,Moleskine,21,4,2021,Hardback,21.71,34.33
469,CALENDARIO 2022. CARLES DALMAU,CARLES DALMAU,2,9,2021,Calendar,17.23,17.54
470,Demon Slayer Complete Box Set,Koyoharu Gotouge,11,11,2021,Paperback,178.99,199.99
471,Between us,Ruby Dhal,31,10,2021,Paperback,13.42,14.99
472,The Wim Hof Method,Wim Hof,24,9,2020,Hardback,23.05,23.34
473,Women Who Run With The Wolves,Clarissa Pinkola Estes,7,2,2008,Paperback,19.16,20.55
474,Atlas of the Heart,Brene Brown,30,11,2021,Hardback,24.59,27.48
475,Reasons to Stay Alive,Matt Haig,7,1,2016,Paperback,15.33,15.33
476,The Proof is in the Plants,Simon Hill,1,11,2021,Paperback,35.09,35.09
477,Adult Children of Emotionally Immature Parents,Lindsay C Gibson,25,6,2015,Paperback,18.13,18.95
478,The Art and Science of Teaching Primary Reading,Christopher Such,17,9,2021,Paperback,27.86,27.86
479,A Court of Mist and Fury,Sarah J. Maas,6,6,2020,Paperback,15.97,15.97
480,Heartstopper Volume Three,Alice Oseman,6,2,2020,Paperback,17.57,17.57
481,The Hate U Give,Angie Thomas,15,6,2017,Paperback,10.5,10.98
482,As Good As Dead,Holly Jackson,5,8,2021,Paperback,14.59,14.59
483,The Tarot of Curious Creatures,Chris-Anne,2,11,2021,Cards,19.34,26.99
484,Under the Whispering Door,Tj Klune,1,10,2021,Hardback,25.23,26.99
485,Beautiful Oops!,Barney Saltzberg,1,10,2010,Hardback,14.89,16.95
486,Just Kids,Patti Smith,4,1,2011,Paperback,13.33,14.01
487,Dr. Seuss's ABC,Dr. Seuss,26,11,1996,Board book,5.61,5.61
488,Be Here Now,Ram Dass,23,11,2015,Paperback,19.56,19.56
489,In Order To Live,Yeonmi Park,7,7,2016,Paperback,12.9,13.72
490,The Body Keeps the Score,Bessel van der Kolk,8,9,2015,Paperback,17.85,19.0
491,Gods & Monsters,Shelby Mahurin,1,8,2021,Paperback,14.55,14.55
492,Almond,Won-Pyung Sohn,22,7,2021,Paperback,15.47,16.99
493,The Nature of Middle-earth,J. R. R. Tolkien,2,9,2021,Hardback,33.11,34.35
494,Gangsta Granny,David Walliams,28,2,2013,Paperback,9.29,9.29
495,"Fist of the North Star, Vol. 2",Buronson,14,10,2021,Hardback,18.51,19.99
496,"My Hero Academia, Vol. 25",Kohei Horikoshi,29,10,2020,Paperback,20.44,20.44
497,"Mashle: Magic and Muscles, Vol. 1",Hajime Komoto,16,9,2021,Paperback,10.31,10.31
498,The Art of More,Michael Brooks,31,8,2021,Paperback,34.34,34.34
499,The 48 Laws Of Power,Robert Greene,20,11,2000,Paperback,26.83,26.83
500,A Woman to Blame,Nell McCafferty,1,6,2010,Paperback,13.93,13.93
501,The Dandy Annual 2022,,1,8,2021,Hardback,15.69,15.69
502,The Choice,Edith Eger,16,8,2018,Paperback,14.21,15.1
503,The Bear and The Nightingale,Katherine Arden,15,12,2017,Paperback,16.57,16.57
504,Hold on to Your Kids,Dr Gabor Mate,3,1,2019,Paperback,15.56,15.56
505,The Gulag Archipelago,Aleksandr Solzhenitsyn,1,11,2018,Paperback,20.01,20.59
506,Ego is the Enemy,Ryan Holiday,31,10,2018,Paperback,11.45,15.87
507,Wings of Fire 6-10 Boxed Set: the Jade Mountain Prophecy,"Tui,T Sutherland",1,11,2020,Paperback,42.08,43.62
508,A Shadow in the Ember,Jennifer L Armentrout,19,10,2021,Hardback,28.63,31.99
509,The Sweetest Oblivion,Danielle Lori,20,6,2018,Paperback,18.57,18.57
510,Wings of Fire 6-10 Boxed Set: the Jade Mountain Prophecy,"Tui,T Sutherland",1,11,2020,Paperback,42.08,43.62
511,The Sweetest Oblivion,Danielle Lori,20,6,2018,Paperback,18.57,18.57
512,Awaken Your Power Within,Gerry Hussey,13,5,2021,Paperback,24.11,24.11
513,Shadow and Bone: Ruin and Rising,Leigh Bardugo,28,6,2018,Paperback,11.16,11.16
514,Berserk Deluxe Volume 10,Kentaro Miura,8,3,2022,Hardback,44.74,49.99
515,Mistborn Trilogy Boxed Set,Brandon Sanderson,14,5,2015,Paperback,44.78,44.78
516,Invention,James Dyson,2,9,2021,Paperback,21.75,21.75
517,Aristotle and Dante Discover the Secrets of the Universe,Benjamin Alire Saenz,25,2,2015,Paperback,13.94,14.99
518,Harry Potter and the Chamber of Secrets,J.K. Rowling,11,9,2014,Paperback,10.47,10.98
519,The Squirrels Who Squabbled,Rachel Bright,8,2,2018,Paperback,13.27,13.27
520,Super Extra Deluxe Essential Handbook,Scholastic,5,8,2021,Paperback,20.13,20.13
521,We Free the Stars,Hafsah Faizal,19,1,2021,Paperback,18.45,18.45
522,The House in the Cerulean Sea,TJ Klune,8,2,2021,Paperback,17.55,18.99
523,Twisted Love - Special Edition,Ana Huang,22,4,2021,Paperback,17.48,17.48
524,Hold Me Tight,Dr Sue Johnson,3,2,2011,Paperback,19.67,28.25
525,Each Peach Pear Plum,Janet Ahlberg,1,9,1999,Board book,10.18,10.18
526,"Moo, Baa, La La La!",Sandra Boynton,30,11,1982,Board book,6.53,6.53
527,The Man Who Mistook His Wife for a Hat,Oliver Sacks,2,9,2011,Paperback,20.9,20.9
528,The Thursday Murder Club,Richard Osman,3,9,2020,Hardback,22.41,22.41
529,Ways of Seeing,John Berger,1,3,2009,Paperback,11.07,19.75
530,Clean Code,Robert Martin,1,3,2009,Paperback,44.88,49.99
531,To Kill A Mockingbird,Harper Lee,29,12,2010,Paperback,12.53,12.53
532,Charlotte's Web,E B White,10,4,2012,Paperback,9.28,9.28
533,The Giver,Lois Lowry,10,9,2014,Paperback,9.48,9.6
534,The Charm Offensive,Alison Cochrun,7,9,2021,Paperback,15.25,17.0
535,"Dragon Ball Super, Vol. 14",Akira Toriyama,30,9,2021,Paperback,11.18,11.18
536,No Longer Human,Junji Ito,9,1,2020,Hardback,37.44,37.44
537,The Greatest Feeling in the World,Tim Sattler-Jones,30,11,2021,Paperback,19.52,21.8
538,Gribet,Janine Davis,30,9,2021,Paperback,13.0,13.0
539,Women Don't Owe You Pretty,Florence Given,18,7,2020,Hardback,18.99,18.99
540,Better Off Dead,Lee Child,26,10,2021,Paperback,21.47,23.99
541,Consolations,David Whyte,27,10,2020,Hardback,22.53,26.0
542,The Invisible Life of Addie LaRue,V.E. Schwab,6,10,2020,Hardback,24.9,24.9
543,Orbiting Jupiter,Gary D. Schmidt,2,3,2017,Paperback,14.02,14.02
544,Grandmaster of Demonic Cultivation: Mo DAO Zu Shi (Novel) Vol. 3,Mo Xiang Tong Xiu,14,6,2022,Paperback,17.89,19.99
545,Waking the Tiger: Healing Trauma,Peter A. Levine,2,5,2017,Paperback,16.55,18.95
546,The Hollow Heart,Marie Rutkoski,9,9,2021,Hardback,17.83,20.59
547,Rita Hayworth and Shawshank Redemption,Stephen King,29,9,2020,Paperback,13.86,13.86
549,The Anthropocene Reviewed,John Green,18,5,2021,Hardback,25.6,25.6
550,Studio Ghibli: 100 Collectible Postcards,,20,8,2019,Postcard book or pack,23.68,23.68
551,Oi Frog!,Kes Gray,5,2,2015,Paperback,13.27,13.27
552,"Vagabond (VIZBIG Edition), Vol. 9",Takehiko Inoue,12,3,2015,Paperback,25.3,25.3
553,Glass Sword,Victoria Aveyard,28,7,2016,Paperback,15.17,15.17
554,The Koala Who Could Board Book,Rachel Bright,8,3,2018,Board book,9.69,9.69
555,MEDICAL MEDIUM CLEANSE TO HEAL,Anthony William,10,6,2020,Hardback,37.76,37.76
556,Once Upon a Broken Heart,Stephanie Garber,28,9,2021,Hardback,24.92,24.92
557,Empire of the Vampire,Jay Kristoff,14,9,2021,Hardback,32.3,32.3
558,Twisted Games - Special Edition,Ana Huang,22,7,2021,Paperback,18.59,18.59
559,A Slow Fire Burning,Paula Hawkins,1,9,2021,Paperback,20.21,20.59
560,Steal Like an Artist,Austin Kleon,1,5,2012,Paperback,10.54,12.95
561,The Original Rider Waite Tarot Deck,A.E. Waite,10,6,1999,Cards,18.98,20.57
562,The Plant-based Baby & Toddler,Alexandra Caspero,18,5,2021,Paperback,26.26,26.26
563,"Thinking, Fast and Slow","Daniel Kahneman (Princeton University, New Jersey)",5,4,2013,Paperback,19.43,19.43
564,I Know Why the Caged Bird Sings,Maya Angelou,21,4,2009,Paperback,8.17,8.17
565,Little Fires Everywhere,Celeste Ng,22,5,2018,Paperback,14.73,14.73
566,The Hitchhiker's Guide to the Galaxy,Douglas Adams,1,11,1995,Paperback,7.49,7.99
567,"Bungo Stray Dogs, Vol. 2",Kafka Asagiri,21,3,2017,Paperback,12.4,13.0
568,Aroha,Hinemoa Elder,29,9,2020,Hardback,28.82,28.82
569,The Tyranny of Merit,Michael J. Sandel,14,9,2021,Paperback,12.78,13.72
570,The Book With No Pictures,B. J. Novak,4,2,2016,Paperback,12.45,12.45
571,Nineteen Eighty-Four,George Orwell,1,2,2009,Paperback,12.53,21.0
572,The Guest List,Lucy Foley,17,9,2020,Paperback,12.95,12.95
573,The Hidden Life of Trees,Peter Wohlleben,22,11,2019,Paperback,14.97,14.97
574,Trono de cristal: Reino de cenizas,"Maas, Sarah J.",23,3,2021,Paperback,24.79,25.17
575,Cloud Cuckoo Land (Export),Anthony Doerr,28,9,2021,Paperback,20.33,20.33
577,"Star Wars: The High Republic: Edge of Balance, Vol. 1",Shima Shinya,14,10,2021,Paperback,13.92,14.99
578,"Spy x Family, Vol. 6",Tatsuya Endo,28,10,2021,Paperback,9.0,9.99
579,The Dessert Game,Reynold Poernomo,11,11,2021,Paperback,28.99,31.99
580,Pride and Prejudice,Jane Austen,1,8,1997,Paperback,5.87,5.99
581,The Picture of Dorian Gray,Oscar Wilde,1,8,1997,Paperback,4.99,5.99
582,The Great Gatsby,F. Scott Fitzgerald,1,12,1999,Paperback,4.29,5.99
583,Anna Karenina,Leo Tolstoy,1,8,1997,Paperback,8.29,8.29
584,Foundation Trilogy,Isaac Asimov,12,9,2014,Hardback,22.12,31.25
585,The Postscript Murders,Elly Griffiths,15,4,2021,Paperback,15.48,15.48
586,Pachinko,Min Jin Lee,10,8,2017,Paperback,16.78,16.78
587,The Gardeners' World Almanac,,9,9,2021,Hardback,22.42,23.34
588,Homo Deus,Yuval Noah Harari,6,4,2017,Paperback,16.75,16.75
589,The Starless Sea,Erin Morgenstern,6,8,2020,Paperback,16.45,16.45
590,The Book Thief,Markus Zusak,11,10,2016,Paperback,15.12,15.12
591,Prisoners of Geography,Tim Marshall,2,6,2016,Paperback,14.86,14.86
592,The Age of Surveillance Capitalism,Professor Shoshana Zuboff,5,9,2019,Paperback,17.05,17.85
593,Our Dreams at Dusk: Shimanami Tasogare Vol. 3,Yuhki Kamatani,1,10,2019,Paperback,13.41,13.41
594,Berserk Volume 2,Kentaro Miura,21,12,2004,Paperback,14.15,14.99
595,This is How You Lose the Time War,Amal El-Mohtar,18,7,2019,Paperback,15.56,15.56
596,Unravel the Dusk,Elizabeth Lim,1,6,2021,Paperback,15.99,15.99
597,These Hollow Vows,Lexi Ryan,20,7,2021,Hardback,23.91,23.91
598,House of Earth and Blood,Sarah J. Maas,2,3,2021,Paperback,18.46,18.46
599,The Long Call,Ann Cleeves,20,2,2020,Paperback,14.45,14.45
600,The Nightingale,Kristin Hannah,5,10,2017,Paperback,14.39,14.39
601,The Miracle Morning,Hal Elrod,27,3,2018,Paperback,13.93,13.93
602,You Are a Badass,Jen Sincero,13,10,2016,Paperback,14.36,14.36
603,Short Stories in French for Beginners,Olly Richards,13,11,2018,Paperback,13.92,14.99
604,"The Long Way to a Small, Angry Planet",Becky Chambers,31,12,2015,Paperback,9.77,9.77
605,Ninth House,Leigh Bardugo,20,10,2020,Paperback,15.33,15.33
606,House of Hollow,Krystal Sutherland,6,4,2021,Paperback,11.75,11.75
607,The Perks of Being a Wallflower,Stephen Chbosky,11,1,2013,Paperback,9.69,15.25
608,Fahrenheit 451,Ray Bradbury,23,5,2012,Paperback,9.58,9.58
609,"Goodnight, Goodnight Construction Site",Sherri Duskey Rinke,14,2,2017,Board book,8.61,8.61
610,Mosaic Crochet Workshop,Esme Crick,14,9,2021,Paperback,21.35,22.99
611,Little Kids First Big Book of Space,Catherine D. Hughes,20,11,2012,Hardback,18.31,18.31
612,Listen and Learn First English Words,Mairi Mackinnon,1,10,2017,Hardback,19.81,20.59
613,Maid,Stephanie Land,9,7,2020,Paperback,9.33,12.35
614,Fantastically Great Women Who Changed The World,Kate Pankhurst,8,9,2016,Paperback,11.95,11.95
615,The Lion Inside Board Book,Rachel Bright,9,2,2017,Board book,13.24,13.24
616,Zog,Julia Donaldson,14,3,2017,Paperback,13.31,13.31
617,Investigators: Ants in Our P.A.N.T.S.,John Patrick Green,28,9,2021,Hardback,15.52,15.52
618,Cemetery Boys,Aiden Thomas,7,9,2020,Hardback,18.47,18.47
619,The Modern Break-Up,Daniel Chidiac,16,7,2019,Paperback,18.0,18.0
620,Pokemon Annual 2022,The Pokemon Company,2,9,2021,Hardback,14.82,14.82
621,Mindfulness,Professor Mark Williams,5,5,2011,Paperback,18.58,29.25
622,"Anne of Green Gables, Complete 8-Book Box Set",L. M. Montgomery,6,10,1998,Paperback,46.1,47.92
623,The Design of Everyday Things,Donald A. Norman,14,11,2013,Paperback,17.53,17.99
624,Psycho-Cybernetics,Maxwell Maltz,21,6,2017,Paperback,15.47,17.0
625,The Eye Of The World,Robert Jordan,16,9,2021,Paperback,14.28,14.28
626,The Jasmine Throne,Tasha Suri,10,6,2021,Paperback,12.47,12.47
627,The Whole Truth,Cara Hunter,29,4,2021,Paperback,17.18,17.18
628,The Complete Gardener,Monty Don,4,5,2021,Hardback,33.98,33.98
629,The Origins of Totalitarianism,Hannah Arendt,13,4,2017,Paperback,17.24,17.24
630,The Boy Who Harnessed the Wind,William Kamkwamba,5,1,2016,Paperback,9.51,9.51
631,Little Women,Louisa May Alcott,4,12,2014,Hardback,16.54,16.54
632,George's Marvelous Medicine,Roald Dahl,16,8,2007,Paperback,7.16,7.99
633,The Picture of Dorian Gray,Oscar Wilde,27,10,2009,Hardback,22.18,24.0
634,Once,Morris Gleitzman,23,2,2006,Paperback,13.41,15.5
635,Where The Wild Things Are,Maurice Sendak,11,5,2001,Paperback,12.46,13.25
636,The Hating Game,Sally Thorne,30,3,2021,Paperback,10.04,10.04
637,Iron Heart,Nina Varela,14,10,2021,Paperback,11.64,11.64
638,Zero Negativity,Ant Middleton,22,2,2022,Paperback,16.99,16.99
639,Foundation,Isaac Asimov,22,9,2016,Paperback,12.9,12.9
640,The Fortnight in September,R C Sherriff,7,9,2021,Paperback,15.45,16.0
641,"Hunt, Gather, Parent",Michaeleen Doucleff,2,3,2021,Hardback,26.25,27.0
642,Sensor,Junji Ito,30,9,2021,Hardback,27.98,27.98
643,Maybe,Kobi Yamada,15,9,2019,Hardback,19.21,19.21
644,What the Heck Is EOS?,Gino Wickman,5,9,2017,Hardback,18.52,19.95
645,"Let's Talk About Body Boundaries, Consent and Respect",Jayneen Sanders,10,11,2017,Paperback,14.54,14.54
646,The Dessert Game,Reynold Poernomo,2,11,2021,Paperback,25.73,26.89
647,Modern Witch Tarot,Lisa Sterle,19,11,2019,Cards,18.63,26.95
648,No Such Thing,Ella Bailey,3,8,2023,Paperback,11.24,11.24
649,Twilight,Stephenie Meyer,11,5,2007,Paperback,13.92,17.75
650,The Art Of Seduction,Robert Greene,13,9,2012,Paperback,24.19,24.19
651,The Perks of Being a Wallflower,Stephen Chbosky,10,2,2009,Paperback,13.34,13.34
652,Don't Let the Pigeon Drive the Bus!,Mo Willems,22,7,2011,Paperback,12.36,12.75
653,The Seven Principles For Making Marriage Work,John Gottman,22,3,2018,Paperback,16.14,16.14
654,The Darkroom of Damocles,Willem Frederik Hermans,1,10,2020,Paperback,14.93,14.93
655,The Passenger,Ulrich Alexander Boschwitz,1,4,2021,Paperback,18.26,18.26
656,"Peaceful Parent, Happy Kids Workbook",Dr Laura Markham,27,2,2018,Paperback,25.79,25.79
657,Grimgar of Fantasy and Ash (Light Novel) Vol. 2,Ao Jyumonji,8,8,2017,Paperback,16.27,16.27
658,Accessing the Healing Power of the Vagus Nerve,Stanley Rosenbery,9,4,2018,Paperback,22.73,25.95
659,The Bhagavad Gita,Eknath Easwaran,31,5,2007,Paperback,11.7,11.95
660,Throne of Glass Box Set,Sarah J. Maas,1,11,2019,Hardback,161.75,161.75
661,In Five Years,Rebecca Serle,1,10,2020,Paperback,16.21,16.21
662,Happy Sexy Millionaire,Steven Bartlett,25,3,2021,Hardback,18.57,19.99
663,The Smartest Giant in Town,Julia Donaldson,12,9,2016,Paperback,19.1,19.1
664,Berserk Deluxe Volume 7,Kentaro Miura,9,3,2021,Hardback,56.05,56.05
665,Principles,Ray Dalio,6,11,2017,Hardback,30.82,30.82
666,Gravity Falls: Journal 3,Alex Hirsch,2,8,2016,Hardback,27.15,27.15
667,Brief Answers to the Big Questions,Stephen Hawking,5,3,2020,Paperback,15.23,15.23
668,The State Of Affairs,Esther Perel,3,10,2019,Paperback,10.75,13.72
669,Practising Parisienne,Marissa Cox,2,9,2021,Hardback,21.3,21.3
670,Iced,Felix Francis,16,9,2021,Paperback,32.98,32.98
671,"JoJo's Bizarre Adventure: Part 1--Phantom Blood, Vol. 3",Hirohiko Araki,27,8,2015,Hardback,21.21,21.21
672,"Hunter x Hunter, Vol. 6",Yoshihiro Togashi,22,9,2016,Paperback,10.31,10.31
673,"Hunter x Hunter, Vol. 20",Yoshihiro Togashi,22,9,2016,Paperback,10.31,10.31
674,In My Heart,Jo Witek,14,10,2014,Hardback,18.01,18.01
675,Magpie Murders,Anthony Horowitz,21,11,2017,Paperback,12.15,12.35
676,Tabby McTat,Julia Donaldson,1,12,2020,Paperback,13.66,13.66
677,Dead Poets Society,N.H. Kleinbaum,7,12,2006,Paperback,8.25,8.25
678,Skin in the Game,Jane Wurwand,10,12,2021,Hardback,25.05,27.99
679,The Shadows Between Us,Tricia Levenseller,25,2,2020,Hardback,19.21,19.21
680,Rider-Waite Tarot Deck,,1,3,2003,Cards,20.39,21.95
681,Great Circle,Maggie Shipstead,4,5,2021,Paperback,24.0,24.0
682,Peek-A Who?,Nina Laden,15,9,2005,Hardback,7.17,7.17
683,The Nickel Boys,Colson Whitehead,30,6,2020,Paperback,12.31,12.35
684,The Bell Jar,Sylvia Plath,2,6,2005,Paperback,13.36,13.36
685,China Coup,Roger Garside,1,6,2021,Hardback,24.31,24.31
686,The Richest Man In Babylon,George S Clason,31,10,2018,Paperback,8.93,9.99
687,Persepolis,Marjane Satrapi,1,6,2004,Paperback,14.64,16.0
688,Mating in Captivity,Esther Perel,20,9,2007,Paperback,16.55,16.55
689,"Women, Race & Class",Angela Y. Davis,3,10,2019,Paperback,16.9,16.9
690,Pedagogy of the Oppressed,Paulo Freire,6,4,2017,Paperback,13.47,13.72
691,Philosophical Devices,David Papineau,25,11,2012,Paperback,23.68,23.68
692,The Witches,Roald Dahl,16,8,2007,Paperback,8.08,8.08
693,Pride and Prejudice,Jane Austen,6,12,2012,Paperback,10.49,10.49
694,Frankenstein,Mary Shelley,1,5,2012,Paperback,9.72,9.72
695,Letters from a Stoic,Seneca,23,8,2017,Paperback,15.47,17.0
696,"Guns, Germs and Steel",Jared Diamond,26,4,2000,Paperback,16.62,22.0
697,Who Moved My Cheese,Spencer Johnson,31,10,2018,Paperback,8.68,13.25
698,Serpent & Dove,Shelby Mahurin,3,9,2020,Paperback,12.44,12.99
699,Rejected Princesses,Jason Porath,1,12,2016,Hardback,29.4,29.4
700,The Virgin Suicides,Jeffrey Eugenides,13,5,2021,Paperback,15.57,15.57
701,Fahrenheit 451,Ray Bradbury,16,3,2018,Paperback,14.63,17.75
702,How to Catch a Star,Oliver Jeffers,3,5,2005,Paperback,10.68,12.5
703,Plants for Your Food Forest,Plants for a Future,15,6,2021,Paperback,27.35,27.35
704,Caraval,Stephanie Garber,28,9,2021,Paperback,16.59,17.95
705,Chainsaw Man 1,Tatsuki Fujimoto,1,10,2020,Paperback,9.22,9.22
706,"Yotsuba&!, Vol. 15",Kiyohiko Azuma,28,9,2021,Paperback,13.79,13.79
707,"Haikyu!!, Vol. 45",Haruichi Furudate,25,11,2021,Paperback,8.92,9.99
708,"BEASTARS, Vol. 14",Paru Itagaki,14,10,2021,Paperback,12.67,12.99
709,Hayao Miyazaki,Jessica Niebel,7,9,2021,Hardback,55.27,55.27
710,My Mouth is a Volcano!,Julia Cook,1,10,2005,Paperback,10.27,10.27
711,The Long Field,Pamela Petro,14,9,2021,Hardback,25.41,30.0
712,Embroidering the Everyday,Cas Holmes,7,9,2021,Hardback,32.5,34.99
713,Getting to Yes,Roger Fisher,7,6,2012,Paperback,17.05,19.75
714,Between Two Hells,Diarmaid Ferriter,4,5,2022,Hardback,39.13,39.13
715,Stillness is the Key,Ryan Holiday,8,10,2020,Paperback,16.9,16.9
716,Weaving,Ann Richards,27,9,2021,Hardback,30.74,34.35
717,The Winter of the Witch,Katherine Arden,3,10,2019,Paperback,16.96,16.96
718,The Wellbeing Journal,Mind,1,5,2018,Paperback,13.36,13.36
719,Becoming Supernatural,Dr Joe Dispenza,3,5,2019,Paperback,22.84,22.84
720,Witch Hat Atelier 8,Kamome Shirahama,28,9,2021,Paperback,13.04,13.04
721,A Touch of Malice,Scarlett St. Clair,27,9,2021,Paperback,18.68,18.68
722,Can't Hurt Me,David Goggins,10,3,2020,Paperback,26.47,26.47
723,Seven to Eternity Volume 4: The Springs of Zhal,Rick Remender,14,9,2021,Paperback,17.53,17.53
724,"Gideon Falls Deluxe Edition, Book One",Jeff Lemire,28,9,2021,Hardback,46.32,49.99
725,"Monstress, Volume 6: The Vow",Marjorie Liu,21,9,2021,Paperback,17.2,17.2
726,Kingdom of the Cursed,Kerri Maniscalco,5,10,2021,Hardback,20.47,20.59
727,A Court of Thorns and Roses Box Set,Sarah J. Maas,5,1,2021,Paperback,72.29,72.29
728,Bad Blood,John Carreyrou,11,7,2019,Paperback,23.08,23.08
729,American Marxism,Mark R. Levin,13,7,2021,Hardback,24.44,28.0
730,Sophie's World,Jostein Gaarder,8,10,2015,Paperback,10.76,12.35
731,Neuromancer,William Gibson,8,12,2016,Paperback,13.73,13.73
732,The Conscious Parent,Dr Shefali Tsabary,15,1,2015,Paperback,17.21,23.34
733,The Mindful Self-Compassion Workbook,Kristin Neff,21,12,2018,Paperback,19.85,19.95
734,Unofficial Harry Potter Cookbook,Dinah Bucholz,18,9,2010,Hardback,21.26,21.26
735,Little Kids First Big Book of Why,Amy Shields,9,6,2011,Hardback,18.48,18.48
736,The Scarecrows' Wedding,Julia Donaldson,7,7,2016,Paperback,16.27,16.27
737,The Highway Rat,Julia Donaldson,1,12,2020,Paperback,10.01,10.01
738,Letting Go,David R. Hawkins,3,3,2014,Paperback,17.86,18.99
739,The Writing Revolution,Judith C. Hochman,29,9,2017,Paperback,26.31,32.95
740,The Bitcoin Standard,Saifedean Ammous,8,6,2018,Hardback,23.21,29.95
741,Girl in Pieces,Kathleen Glasgow,18,9,2018,Paperback,12.28,12.28
742,It Didn't Start with You,Mark Wolynn,27,4,2017,Paperback,15.31,18.0
743,Coaching Habit,Bungay Michael Stainer,17,3,2016,Paperback,16.62,16.62
744,A Brief History Of Time,Stephen Hawking,20,1,2015,Paperback,16.6,20.25
745,Awaken The Giant Within,Tony Robbins,2,1,2001,Paperback,14.97,18.25
746,The Boy Who Made Everyone Laugh,Helen Rutter,4,2,2021,Paperback,10.6,10.6
747,David Attenborough: Volume 34,Maria Isabel Sanchez Vegara,4,2,2020,Hardback,18.1,18.1
748,1177 B.C.,Eric H. Cline,2,3,2021,Paperback,17.01,17.01
749,Once Upon a Chef: Weeknight/Weekend,Jennifer Segal,14,9,2021,Hardback,35.2,35.2
750,1177 B.C.,Eric H. Cline,2,3,2021,Paperback,17.01,17.01
751,Once Upon a Chef: Weeknight/Weekend,Jennifer Segal,14,9,2021,Hardback,35.2,35.2
752,The Name of the Wind,Patrick Rothfuss,30,6,2008,Paperback,14.21,14.22
753,Milkman,Anna Burns,1,11,2018,Paperback,12.02,12.35
754,Teach Yourself to Sleep,Kate Mikhail,10,6,2021,Paperback,23.09,23.09
755,The Menopause Manifesto,Dr. Jennifer Gunter,25,5,2021,Paperback,23.06,23.06
756,"Take a Hint, Dani Brown",Talia Hibbert,23,6,2020,Paperback,15.65,15.65
757,On the Night You Were Born,Nancy Tillman,1,12,2014,Board book,8.31,8.31
758,Interaction of Color,Josef Albers,1,11,2020,Paperback,20.05,20.05
759,Agent Sonya,Ben Macintyre,27,5,2021,Paperback,15.91,15.91
760,A Clockwork Orange,Anthony Burgess,16,6,2011,Paperback,9.63,18.25
761,The Artist's Way,Julia Cameron,8,11,2016,Paperback,18.48,18.48
762,Twelve Angry Men,Reginald Rose,14,7,2011,Paperback,11.1,14.0
763,Fish in a Tree,Lynda Mullaly Hunt,9,5,2017,Paperback,8.11,8.99
764,Percy Jackson and the Last Olympian (Book 5),Rick Riordan,4,7,2013,Paperback,15.12,15.12
765,The Picture of Dorian Gray,Oscar Wilde,28,6,2012,Paperback,9.52,9.52
766,The Myth of Sisyphus,Albert Camus,1,10,2005,Paperback,7.7,11.0
767,Of Mice and Men,Mr John Steinbeck,1,3,2007,Paperback,11.94,11.94
768,Loveless,Alice Oseman,20,7,2020,Paperback,13.42,13.42
769,Radio Silence,Alice Oseman,3,3,2016,Paperback,16.21,16.21
770,The Butterfly Lion,Michael Morpurgo,1,3,2012,Paperback,9.03,9.03
771,Gild,Raven Kennedy,1,10,2020,Paperback,18.57,18.99
772,"Chainsaw Man, Vol. 8",Tatsuki Fujimoto,23,12,2021,Paperback,11.49,11.49
773,The Land of Stories: The Wishing Spell,Chris Colfer,6,6,2013,Paperback,14.14,14.14
774,Waiting for Baby,,1,2,2010,Board book,7.68,7.68
775,The Art of Luca,,1,7,2021,Hardback,43.73,43.73
776,Liz Climo 2022 Daily Calendar,Liz Climo,19,8,2021,Calendar,16.69,16.69
777,Cook As You Are,Ruby Tandoh,7,10,2021,Paperback,25.88,27.46
778,What I Love About You,Studio Press,1,6,2019,Hardback,15.75,16.95
779,Snow Country,Sebastian Faulks,2,9,2021,Paperback,18.96,19.22
780,When We Cease to Understand the World,Benjamin Labatut,6,5,2021,Paperback,11.84,12.35
781,Maths Games for Clever Kids (R),Gareth Moore,8,3,2018,Paperback,5.74,6.86
782,Vinland Saga 12,Makoto Yukimura,26,10,2021,Hardback,20.58,22.99
783,Crystals for Beginners,Karen Frazier,17,10,2017,Paperback,15.98,15.98
784,Thinking in Systems,Donella Meadows,3,12,2008,Paperback,16.03,19.95
785,Growing Gourmet and Medicinal Mushrooms,Paul Stamets,8,7,2016,Paperback,47.59,47.59
786,Dune,Frank Herbert,3,9,2021,Paperback,15.66,15.66
787,On Earth We're Briefly Gorgeous,Ocean Vuong,17,9,2020,Paperback,16.02,16.02
788,The Children of Jocasta,Natalie Haynes,1,6,2021,Paperback,15.76,15.76
789,The Shadow Sister,Lucinda Riley,11,7,2019,Paperback,16.04,16.04
790,Defy the Night,Brigid Kemmerer,14,9,2021,Paperback,11.72,11.72
791,The Snail and the Whale,Julia Donaldson,6,4,2017,Board book,14.27,14.27
792,My Own Words,Ruth Bader Ginsburg,16,10,2018,Paperback,16.26,18.0
793,Relentless,Tim S. Grover,13,3,2014,Paperback,13.46,17.0
794,The Madness of Crowds,Douglas Murray,10,9,2020,Paperback,15.73,15.73
795,Redemptor,Hot Key Books,17,8,2021,Paperback,10.78,12.35
796,American Psycho,Bret Easton Ellis,8,1,2015,Paperback,10.93,12.35
797,Hani and Ishu's Guide to Fake Dating,Adiba Jaigirdar,27,5,2021,Paperback,9.73,10.98
798,The Famous Five Collection 1,Enid Blyton,6,9,2012,Paperback,17.2,17.5
799,"Death Note Black Edition, Vol. 2",Tsugumi Ohba,13,4,2011,Paperback,29.98,29.98
800,The Maidens,Alex Michaelides,10,6,2021,Hardback,17.5,20.59
801,Coraline,Neil Gaiman,10,10,2013,Paperback,9.55,9.6
802,Tiddler,Julia Donaldson,18,1,2017,Paperback,11.86,11.86
803,Medical Medium,Anthony William,23,3,2021,Hardback,40.35,40.35
804,Extreme Ownership,Jocko Willink,6,12,2017,Hardback,21.09,27.99
805,Inspired,Marty Cagan,30,1,2018,Hardback,23.6,30.0
806,Toe by Toe,Keda Cowling,1,12,1993,Paperback,47.1,47.1
807,Lonely Castle in the Mirror,Mizuki Tsujimura,22,4,2021,Paperback,20.94,20.94
808,Meditations,Marcus Aurelius,10,2,2020,Hardback,11.12,12.99
809,A Little Hatred,Joe Abercrombie,14,5,2020,Paperback,12.05,12.35
810,Nina Simone's Gum,Warren Ellis,19,10,2021,Hardback,26.72,27.95
811,Outline,Rachel Cusk,20,6,2018,Paperback,14.55,14.55
812,On All Fronts,Clarissa Ward,9,9,2021,Paperback,16.84,18.0
813,Spelling for Life,Lyn Stone,31,8,2021,Paperback,32.28,32.28
814,"Act Your Age, Eve Brown",Talia Hibbert,9,3,2021,Paperback,15.99,15.99
815,Circe,Madeline Miller,15,1,2020,Paperback,12.71,13.72
816,The Compound Effect,Darren Hardy,15,9,2020,Hardback,17.8,19.99
817,"Mastering the Art of French Cooking, Vol.1",Julia Child,24,11,2011,Paperback,21.09,29.0
818,"Index, A History of the",Dennis Duncan,2,9,2021,Hardback,26.82,27.48
819,East,Meera Sodha,22,8,2019,Hardback,32.38,32.38
820,Peepo! (Board Book),Allan Ahlberg,21,6,2011,Board book,9.93,13.75
821,XOXO,Axie Oh,5,8,2021,Hardback,17.4,17.99
822,The Upside of Falling,Alex Light,15,4,2021,Paperback,10.49,10.99
823,Crier's War,Nina Varela,17,9,2020,Paperback,11.09,11.09
824,The Complete TurtleTrader,Michael W Covel,31,8,2011,Paperback,13.82,17.99
825,Say Nothing,Patrick Radden Keefe,11,10,2019,Paperback,15.92,15.92
826,The Mirror and the Light,Hilary Mantel,29,4,2021,Paperback,17.12,17.12
827,Moleskine 2022 12-Month Weekly Pocket Hardcover Notebook: Ice Green,Moleskine,10,6,2021,Hardback,14.57,23.34
828,From One Mom to a Mother,Jessica Urlichs,30,7,2020,Paperback,11.88,13.5
829,Ley de lobos,Leigh Bardugo,29,11,2021,Hardback,20.99,23.45
830,Peril,Bob Woodward,21,9,2021,Hardback,29.41,30.0
831,Where Tomorrows Aren't Promised,Carmelo Anthony,14,9,2021,Hardback,24.1,28.0
832,"Blood On The Tracks, Volume 1",Shuzo Oshimi,27,2,2020,Paperback,12.62,12.95
833,Seasons of the Witch: Yule Oracle,Lorriane Anderson,16,9,2021,Cards,20.87,21.95
834,Little Bont and the Big Secret,Marcus Bontempelli,26,10,2021,Hardback,13.4,14.53
835,The Good Life,Hannah Moloney,31,8,2021,Paperback,49.38,49.38
836,The Art of Loving,Erich Fromm,10,7,1995,Paperback,6.07,12.64
837,The Dispossessed,Ursula K. Le Guin,12,8,1999,Paperback,19.31,19.31
838,Four Thousand Weeks,Oliver Burkeman,26,8,2021,Hardback,21.91,23.34
839,The Gift,Edith Eger,3,9,2020,Hardback,17.93,20.59
840,Know Your Rights,Angelina Jolie,2,9,2021,Paperback,9.87,10.98
841,Marvel: Storybook Collection Advent Calendar,Autumn Publishing,4,10,2021,Paperback,31.49,31.49
842,Bunny,Mona Awad,6,2,2020,Paperback,16.74,16.74
843,The Artist's Way,Julia Cameron,5,11,2020,Paperback,24.06,24.06
844,Gallant,V.E. Schwab,1,3,2022,Hardback,22.12,24.71
845,The Laws of Human Nature,Robert Greene,24,10,2018,Paperback,22.11,24.71
846,The Flip Out: Sam Kerr: Kicking Goals #1,Sam Kerr,15,9,2021,Paperback,25.11,25.11
847,Un-cook Yourself,Nat's What I Reckon,15,12,2020,Paperback,35.09,35.09
848,Wings of Fire 1-5 Boxed Set,"Tui,T Sutherland",1,11,2019,Paperback,42.7,43.62
849,A Touch of Darkness,Scarlett St. Clair,30,11,2021,Paperback,17.71,17.71
850,Self-Love Workbook for Women,Megan Logan,29,9,2020,Paperback,18.37,18.37
851,How a Realist Hero Rebuilt the Kingdom (Light Novel) Vol. 3,Dojyomaru,28,5,2019,Paperback,17.25,17.25
852,Our Dreams at Dusk: Shimanami Tasogare Vol. 1,Yuhki Kamatani,7,5,2019,Paperback,14.18,14.18
853,Witch Hat Atelier 1,Kamome Shirahama,9,4,2019,Paperback,13.41,13.41
854,The Gifts Of Imperfection,Brené Brown,4,10,2010,Paperback,14.43,14.95
855,Macbeth (No Fear Shakespeare),Sparknotes,23,2,2011,Paperback,8.57,8.57
856,Why Men Love Bitches,Sherry Argov,27,1,2011,Paperback,15.11,15.95
857,The Body,Stephen King,9,9,2021,Paperback,11.21,11.21
858,"Authentically, Uniquely You",Joyce Meyer,16,9,2021,Paperback,15.62,20.59
859,A Deadly Education,Naomi Novik,6,5,2021,Paperback,15.07,15.07
860,Beyond Behaviours,Mona Delahooke,19,3,2020,Paperback,24.93,27.46
861,Tales from the Cafe,Toshikazu Kawaguchi,24,9,2020,Paperback,13.78,13.78
862,We Hunt the Flame,Hafsah Faizal,18,3,2021,Paperback,14.8,14.8
863,The Gruffalo,Julia Donaldson,19,8,2016,Paperback,12.69,12.69
864,How Emotions Are Made,Lisa Feldman Barrett,8,2,2018,Paperback,15.38,15.38
865,The Bewitching of Aveline Jones,Phil Hickes,16,9,2021,Paperback,9.84,9.84
866,What Abigail Did That Summer,Ben Aaronovitch,16,9,2021,Paperback,11.0,11.0
867,The Bands of Mourning,Brandon Sanderson,12,1,2017,Paperback,16.44,16.44
868,Raybearer,Jordan Ifueko,18,8,2020,Paperback,11.21,12.35
869,Yoga Anatomy,Leslie Kaminoff,1,11,2011,Paperback,24.76,24.76
870,The 26-Storey Treehouse,Andy Griffiths,7,5,2015,Paperback,12.18,12.18
871,Death Note (All-in-One Edition),Tsugumi Ohba,21,9,2017,Paperback,71.21,71.21
872,"One-Punch Man, Vol. 2",ONE,1,2,2016,Paperback,20.67,20.67
873,Expecting Better,Emily Oster,9,8,2018,Paperback,15.2,15.2
874,The Two Lost Mountains,Matthew Reilly,22,7,2021,Paperback,11.51,12.35
875,Throne of Glass,Sarah J. Maas,26,2,2015,Paperback,12.57,12.57
876,The Whale Who Wanted More,Rachel Bright,5,8,2021,Paperback,10.35,10.35
877,There's A House Inside My Mummy Board Book,Giles Andreae,5,1,2012,Board book,9.31,9.6
878,Stick Man Early Reader,Julia Donaldson,6,12,2012,Paperback,6.83,11.25
879,Heroes,Stephen Fry,16,7,2019,Paperback,14.19,14.19
880,Cambridge IGCSE (R) First Language English Coursebook,Marian Cox,25,5,2018,Paperback,43.76,43.76
881,I Know Why The Caged Bird Sings,Maya Angelou,28,8,2018,Paperback,10.1,14.22
882,The Gift Of Therapy,Irvin Yalom,27,2,2003,Paperback,18.6,18.6
883,Make Your Bed,Admiral William H. McRaven,12,7,2017,Hardback,13.03,13.72
884,Spot Goes to the Farm,Eric Hill,27,6,2011,Board book,10.21,10.21
885,Create This Book,Moriah Elizaberh,17,5,2015,Paperback,18.97,18.97
886,The Essential Oils Apothecary,Eric Zielinski,7,9,2021,Paperback,21.46,21.46
887,The Trouble With Peace,Joe Abercrombie,13,5,2021,Paperback,11.3,12.35
888,Dune,Frank Herbert,30,5,2018,Hardback,24.46,24.46
889,Warbreaker,Brandon Sanderson,29,12,2011,Paperback,17.21,19.5
890,Mr Salary,Sally Rooney,3,1,2019,Paperback,7.8,7.8
891,"Philadelphia, Here I Come",Brian Friel,1,3,1994,Paperback,11.62,16.0
892,Bobby Fischer Teaches Chess,Bobby Fischer,1,10,1992,Paperback,8.25,8.99
893,Romeo and Juliet,William Shakespeare,1,7,1993,Paperback,3.42,3.42
894,Wabi Sabi,Beth Kempton,30,8,2018,Hardback,18.38,18.38
895,The Roommate,Rosie Danan,15,9,2020,Paperback,23.96,23.96
896,No-Drama Discipline,Daniel J. Siegel,12,7,2016,Paperback,15.47,17.0
897,Rebecca,Daphne Du Maurier,3,5,2016,Paperback,18.33,18.33
898,Wrinkle in Time,Madeleine L'Engle,1,5,2008,Paperback,7.8,7.8
899,Boundaries Updated and Expanded Edition,Dr. Henry Cloud,2,11,2017,Paperback,15.01,19.99
900,Norwegian Wood,Haruki Murakami,28,4,2011,Paperback,10.77,10.77
901,Lolita,Vladimir Nabokov,16,6,2011,Paperback,21.01,21.01
902,How to Change Your Mind,Michael Pollan,18,7,2019,Paperback,14.85,15.1
903,Two Can Keep a Secret,Karen M. McManus,10,1,2019,Paperback,11.0,11.0
904,Perfume,Patrick Süskind,1,4,2010,Paperback,16.28,19.75
905,I Capture The Castle,Dodie Smith,5,2,2004,Paperback,11.59,12.64
906,Howl's Moving Castle,Diana Wynne Jones,7,8,2001,Paperback,9.28,9.28
907,"Predictably Irrational, Revised",Dr Dan Ariely,24,6,2011,Paperback,9.67,9.67
908,MEGAMONSTER,David Walliams,24,6,2021,Hardback,23.42,23.42
909,Animal Farm,George Orwell,7,1,2021,Paperback,6.32,6.32
910,The Alchemist,Paulo Coelho,2,7,2015,Hardback,13.0,13.72
911,Foundation and Empire,Isaac Asimov,6,10,2016,Paperback,7.74,12.35
912,Legendary (Caraval 2),Stephanie Garber,28,9,2021,Paperback,16.59,17.95
913,The Book of St. Brigid,Colm Keane,8,9,2021,Paperback,19.0,20.61
914,Dessert Person,Claire Saffitz,20,10,2020,Hardback,35.02,35.02
915,What Colour Is Your Parachute? 2021,Richard N. Bolles,22,12,2020,Paperback,17.6,19.99
916,"Undead Unluck, Vol. 3",Yoshifumi Tozuka,14,10,2021,Paperback,10.31,10.31
917,"Spy x Family, Vol. 5",Tatsuya Endo,8,7,2021,Paperback,10.31,10.31
918,"My Hero Academia, Vol. 27",Kohei Horikoshi,10,6,2021,Paperback,9.57,9.99
919,Unsettled,Steven E. Koonin,4,5,2021,Hardback,23.18,24.95
920,The Phoenix Project,Gene Kim,27,2,2018,Paperback,23.12,24.0
921,The Magdalen Manuscript: The Alchemies of Horus & the Sex Magic of Isis,Tom Kenyon,1,1,2002,Paperback,21.93,21.93
922,The Labyrinth: Winner of the 2021 Miles Franklin,Amanda Lohrey,4,8,2020,Paperback,30.91,30.91
923,"The Good Enough Parent: How to raise contented, interesting and resilient children",The School of Life,19,4,2022,Hardback,28.23,28.23
924,The Seven Spiritual Laws of Success,Deepak Chopra,9,3,2015,Paperback,8.2,8.95
925,Frankenstein,Mary Shelley,1,8,1997,Paperback,4.3,5.99
926,Moby Dick,Herman Melville,1,12,1999,Paperback,6.01,6.01
927,The One Thing,Gary Keller,10,5,2016,Paperback,15.3,15.3
928,The Miracle Of Mindfulness,Thich Nhat Hanh,7,2,2008,Paperback,14.65,14.65
929,The PodyCharts foot charts for reflexology,Annie Trigg,31,7,2021,Paperback,51.6,51.6
930,The Invisible Life of Addie LaRue Export Edition,V. E. Schwab,8,10,2020,Paperback,24.15,24.15
931,Healing Is the New High,Vex King,13,4,2021,Paperback,20.24,20.24
932,Moonology (TM) Manifestation Oracle,Yasmin Boland,19,10,2021,Cards,19.68,21.99
933,The Denial of Death,Ernest Becker,5,3,2020,Paperback,15.13,15.13
934,The Disney Book of Maps,,1,10,2020,Hardback,22.77,22.77
935,The Humans,Matt Haig,9,8,2018,Paperback,14.24,14.24
936,Rick Stein at Home,Rick Stein,30,11,2021,Hardback,37.84,49.95
937,Eat to Beat Disease: The Body's Five Defence Systems and the Foods that Could Save Your Life,Dr William Li,3,5,2019,Paperback,24.01,24.01
938,The Girl in The Tower,Katherine Arden,9,8,2018,Paperback,19.99,19.99
939,The Three-Body Problem,Cixin Liu,1,2,2016,Paperback,13.54,13.54
940,The Gifts of Imperfection,Brene Brown,8,9,2020,Hardback,21.06,21.06
941,The Second Sex (Vintage Feminism Short Edition),Simone de Beauvoir,5,3,2015,Paperback,6.72,6.86
942,A Vindication of the Rights of Woman (Vintage Feminism Short Edition),Mary Wollstonecraft,5,3,2015,Paperback,6.67,8.95
943,The Rise of the Ultra Runners,Adharanand Finn,2,4,2020,Paperback,12.71,13.72
944,How to Stop Time,Matt Haig,1,1,2018,Paperback,14.22,14.22
945,At Night All Blood is Black,David Diop,6,5,2021,Paperback,14.42,14.42
946,LEGO (R): Official Annual 2022 (with Tread Octane minifigure),Buster Books,16,9,2021,Hardback,11.26,11.26
947,The Kids' Book of Crosswords 1,Gareth Moore,6,4,2017,Paperback,4.59,5.48
948,The Fast 800,Dr Michael Mosley,2,1,2019,Paperback,18.45,18.45
949,Mortals,Rachel Menzies,14,9,2021,Paperback,37.6,37.6
950,"Kinship: Belonging in a World of Relations, 5-Volume Set",,18,11,2021,Paperback,69.36,100.0
951,Boyfriend Material,Alexis Hall,7,8,2020,Paperback,15.56,15.56
952,"Blue Ocean Strategy, Expanded Edition: How to Create Uncontested Market Space and Make the Competition Irrelevant",W. Chan Kim,13,2,2015,Hardback,26.2,32.0
953,Vinland Saga 1,Makoto Yukimura,25,7,2019,Hardback,23.02,23.02
954,StrengthsFinder 2.0,Gallup,24,7,2015,Hardback,30.98,39.99
955,Mycelium Running,Paul Stamets,10,10,2017,Paperback,36.59,36.59
956,Layla,Colleen Hoover,8,12,2020,Paperback,12.51,14.95
957,The Sun Dog,Stephen King,9,9,2021,Paperback,11.21,11.21
958,Kingdom of the Wicked,Kerri Maniscalco,28,9,2021,Paperback,10.73,12.35
959,Vaxxers,Sarah Gilbert,15,2,2022,Hardback,22.45,28.99
960,Lily's Promise,Lily Ebert,2,9,2021,Hardback,25.34,26.09
961,Cinderella Is Dead,Kalynn Bayron,6,8,2020,Paperback,10.88,10.98
962,A Court of Silver Flames,Sarah J. Maas,16,2,2021,Hardback,26.44,26.44
963,Indistractable,Nir Eyal,6,2,2020,Paperback,15.22,15.22
964,A Tale of Magic: A Tale of Sorcery,Chris Colfer,30,9,2021,Hardback,18.2,18.2
965,Plague of Corruption,Judy Mikovits,30,9,2021,Paperback,18.57,19.99
966,The Boy At the Back of the Class,Onjali Q. Rauf,12,7,2018,Paperback,9.59,10.98
967,The Pearl Sister,Lucinda Riley,5,4,2018,Paperback,18.9,18.9
968,A Squash and a Squeeze,Julia Donaldson,23,9,2016,Paperback,12.2,12.75
969,Oh Crap! Potty Training,Jamie Glowacki,26,7,2018,Paperback,14.95,16.99
970,Exciting Times,Naoise Dolan,4,3,2021,Paperback,16.02,16.02
971,Home Stretch,Graham Norton,29,4,2021,Paperback,15.89,15.89
972,Legendary,Stephanie Garber,21,2,2019,Paperback,13.86,13.86
973,Make Your Bed,Admiral William H. McRaven,25,5,2017,Hardback,17.34,20.0
974,What Really Happened In Wuhan,Sharri Markson,30,9,2021,Hardback,25.95,28.99
975,The Henna Wars,Adiba Jaigirdar,7,1,2021,Paperback,14.33,14.33
976,Grains of Gold Coloring Book,Hanna Karlzon,31,8,2021,Hardback,18.81,18.81
977,"Haikyu!!, Vol. 1",Haruichi Furudate,28,7,2016,Paperback,20.29,20.29
978,Smashed: Junji Ito Story Collection,Junji Ito,16,5,2019,Hardback,21.98,22.99
979,Gyo (2-in-1 Deluxe Edition),Junji Ito,7,5,2015,Hardback,26.72,26.72
980,"One Piece (Omnibus Edition), Vol. 2",Eiichiro Oda,18,8,2011,Paperback,28.95,28.95
981,Live Beautiful,Athena Calderone,3,3,2020,Hardback,42.32,42.32
982,A Song for the Dark Times,Ian Rankin,29,4,2021,Paperback,15.24,15.24
983,Harry Potter and the Deathly Hallows,J.K. ROWLING,1,9,2014,Paperback,14.27,14.27
984,The Love Hypothesis,Ali Hazelwood,21,10,2021,Paperback,13.0,13.0
985,The Assassin's Blade,Sarah J. Maas,13,3,2015,Paperback,13.67,13.67
986,Zog and the Flying Doctors,Julia Donaldson,7,9,2017,Paperback,15.74,15.74
987,Where's Wally?,Martin Handford,26,7,2011,Paperback,9.46,9.46
988,Guess How Much I Love You,Sam McBratney,19,12,2014,Board book,10.52,10.52
989,Limitless,Jim Kwik,7,4,2020,Hardback,24.15,26.99
990,Cracking the Coding Interview,Gayle Laakmann McDowell,1,7,2015,Paperback,49.0,49.0
991,The Heart of Yoga,T.K.V. Desikachar,9,11,1999,Paperback,16.37,19.95
992,AI 2041,Kai-Fu Lee,16,9,2021,Paperback,21.86,21.86
993,See Inside How Things Work,Conrad Mason,2,10,2009,Board book,18.46,18.46
994,Hokusai: The Great Picture Book of Everything,Timothy Clark,30,9,2021,Hardback,33.56,37.5
995,We're Going on a Bear Hunt,Michael Rosen,1,10,1997,Board book,8.98,8.98
996,The House on Mango Street,Sandra Cisneros,3,4,1991,Paperback,10.43,11.95
997,The Final Empire,Brandon Sanderson,1,12,2009,Paperback,18.07,18.07
998,The Highly Sensitive Person: How to Thrive When the World Overwhelms You,Elaine N. Aron,15,6,2017,Paperback,15.05,16.99
999,"The Boy Who Was Raised as a Dog, 3rd Edition",Bruce D. Perry,31,8,2017,Paperback,16.35,18.99
1000,The Drama of the Gifted Child,Alice Miller,22,7,2008,Paperback,14.64,15.99
1001,The Complete Poetry Of Edgar Allan Poe,Edgar Allan Poe,26,11,2009,Paperback,5.04,5.04
1002,"Bob Books - Set 1: Beginning Readers Box Set Phonics, Ages 4 and Up, Kindergarten (Stage 1: Starting to Read)",John R Maslen,1,5,2006,Paperback,17.72,17.99
1003,Man and His Symbols,C. G. Jung,1,6,1997,Paperback,9.31,9.31
1004,"Peaceful Parent, Happy Siblings",Dr. Laura Markham,5,5,2015,Paperback,15.57,17.0
1005,The Red Book,C. G. Jung,1,10,2018,Hardback,38.08,39.95
1006,Bridgerton: The Duke and I (Bridgertons Book 1),Julia Quinn,4,2,2021,Paperback,15.47,15.47
1007,The Forty Rules of Love,Elif Shafak,2,4,2015,Paperback,12.19,12.35
1008,Peppa Pig: The Official Annual 2022,Peppa Pig,2,9,2021,Hardback,14.08,14.08
1009,Oxford Handbook of Clinical Medicine,Ian B. Wilkinson,27,9,2017,Paperback,45.84,45.84
1010,"Elements of Style, The","William Strunk, Jr.",31,8,1999,Paperback,8.81,9.99
1011,The Qur'an,,29,8,2008,Paperback,11.22,12.95
1012,English Pastoral,James Rebanks,2,9,2021,Paperback,12.89,13.72
1013,All the Bright Places,Jennifer Niven,8,1,2015,Paperback,11.59,11.59
1014,Murder Most Unladylike,Robin Stevens,17,3,2016,Paperback,11.1,11.1
1015,Outliers,Malcolm Gladwell,4,6,2009,Paperback,10.2,10.2
1016,The Brain That Changes Itself,Norman Doidge,7,8,2008,Paperback,17.95,17.95
1017,The Old Man and the Sea,Ernest Hemingway,18,8,1994,Paperback,14.89,14.89
1018,Cultish,Amanda Montell,22,7,2021,Hardback,25.79,27.99
1019,The Hard Thing About Hard Things,Ben Horowitz,24,4,2014,Hardback,24.6,29.99
